Codigo_IES;Nombre_IES;Departamento;Sector;Total_Matriculados;Total_Graduados;Total_Inscritos;Total_Admitidos;Total_Primer_Curso;Total_Docentes;Total_Administrativos;Tasa_Graduacion;Tasa_Admision;Tasa_Absorcion;Ratio_Docentes_Matriculados
1101;UNIVERSIDAD NACIONAL DE COLOMBIA;BogotÃ¡ - D.C.;OFICIAL;708601;39757.0;550707.0;105933.0;95445;62506.0;29676.0;0.0561;0.1924;0.901;0.0882
1102;UNIVERSIDAD NACIONAL DE COLOMBIA;ANTIOQUIA;OFICIAL;272608;13467.0;117415.0;51068.0;42625;18473.0;9839.0;0.0494;0.4349;0.8347;0.0678
1103;UNIVERSIDAD NACIONAL DE COLOMBIA;Caldas;OFICIAL;125325;8227.0;39898.0;22187.0;19379;8282.0;3235.0;0.0656;0.5561;0.8734;0.0661
1104;UNIVERSIDAD NACIONAL DE COLOMBIA;VALLE DEL CAUCA;OFICIAL;67405;3280.0;16913.0;10010.0;8343;5034.0;3142.0;0.0487;0.5919;0.8335;0.0747
1105;UNIVERSIDAD PEDAGOGICA NACIONAL;BogotÃ¡ - D.C.;OFICIAL;211614;9992.0;124045.0;33664.0;28069;20617.0;4644.0;0.0472;0.2714;0.8338;0.0974
1106;UNIVERSIDAD PEDAGOGICA Y TECNOLOGICA DE COLOMBIA - UPTC;BoyacÃ¡;OFICIAL;501206;35141.0;189235.0;90913.0;78144;31485.0;11507.0;0.0701;0.4804;0.8595;0.0628
1107;UNIVERSIDAD PEDAGOGICA Y TECNOLOGICA DE COLOMBIA - UPTC;BoyacÃ¡;OFICIAL;69094;4716.0;17189.0;9277.0;9394;4141.0;1293.0;0.0683;0.5397;1.0126;0.0599
1108;UNIVERSIDAD PEDAGOGICA Y TECNOLOGICA DE COLOMBIA - UPTC;BoyacÃ¡;OFICIAL;81550;5621.0;26916.0;11755.0;11128;3821.0;1235.0;0.0689;0.4367;0.9467;0.0469
1109;UNIVERSIDAD PEDAGOGICA Y TECNOLOGICA DE COLOMBIA - UPTC;BoyacÃ¡;OFICIAL;19418;874.0;4717.0;2483.0;2036;1319.0;573.0;0.045;0.5264;0.82;0.0679
1110;UNIVERSIDAD DEL CAUCA;Cauca;OFICIAL;345302;14778.0;235928.0;42564.0;37632;27065.0;16068.0;0.0428;0.1804;0.8841;0.0784
1111;UNIVERSIDAD TECNOLOGICA DE PEREIRA - UTP;RISARALDA;OFICIAL;390727;19106.0;134020.0;80224.0;55941;30011.0;8659.0;0.0489;0.5986;0.6973;0.0768
1112;UNIVERSIDAD DE CALDAS;Caldas;OFICIAL;307767;17250.0;157091.0;53777.0;44686;22709.0;8121.0;0.056;0.3423;0.831;0.0738
1113;UNIVERSIDAD DE CORDOBA;CORDOBA;OFICIAL;337358;16243.0;138292.0;48358.0;38776;18838.0;4355.0;0.0481;0.3497;0.8019;0.0558
1114;UNIVERSIDAD SURCOLOMBIANA;Huila;OFICIAL;289700;14184.0;94520.0;49317.0;40297;19086.0;4111.0;0.049;0.5218;0.8171;0.0659
1115;UNIVERSIDAD DE LA AMAZONIA;CaquetÃ¡;OFICIAL;192903;9244.0;56464.0;33386.0;24095;14526.0;7846.0;0.0479;0.5913;0.7217;0.0753
1117;UNIVERSIDAD MILITAR-NUEVA GRANADA;BogotÃ¡ - D.C.;OFICIAL;393474;27415.0;142461.0;85834.0;69633;38065.0;13564.0;0.0697;0.6025;0.8113;0.0967
1118;UNIVERSIDAD TECNOLOGICA DEL CHOCO-DIEGO LUIS CORDOBA;ChocÃ³;OFICIAL;248954;10921.0;51335.0;40019.0;36443;22284.0;4363.0;0.0439;0.7796;0.9106;0.0895
1119;UNIVERSIDAD DE LOS LLANOS;META;OFICIAL;132852;6438.0;50525.0;23331.0;19633;14339.0;2335.0;0.0485;0.4618;0.8415;0.1079
1120;UNIVERSIDAD POPULAR DEL CESAR;Cesar;OFICIAL;309112;18048.0;104795.0;44988.0;38317;17507.0;2169.0;0.0584;0.4293;0.8517;0.0566
1121;UNIVERSIDAD-COLEGIO MAYOR DE CUNDINAMARCA;BogotÃ¡ - D.C.;OFICIAL;127818;8036.0;59568.0;26072.0;21579;14100.0;2567.0;0.0629;0.4377;0.8277;0.1103
1122;UNIVERSIDAD DEL PACIFICO;VALLE DEL CAUCA;OFICIAL;59260;2676.0;13705.0;10782.0;10565;3892.0;1906.0;0.0452;0.7867;0.9799;0.0657
1123;UNIVERSIDAD POPULAR DEL CESAR;Cesar;OFICIAL;42227;1635.0;9843.0;8755.0;7173;2267.0;0.0;0.0387;0.8895;0.8193;0.0537
1125;UNIVERSIDAD NACIONAL DE COLOMBIA;AMAZONAS;OFICIAL;584;52.0;477.0;182.0;138;413.0;222.0;0.089;0.3816;0.7582;0.7072
1126;UNIVERSIDAD NACIONAL DE COLOMBIA;ARCHIPIÃLAGO DE SA;OFICIAL;59;42.0;177.0;107.0;76;273.0;138.0;0.7119;0.6045;0.7103;4.6271
1126;UNIVERSIDAD NACIONAL DE COLOMBIA;ArchipiÃ©lago de San AndrÃ©s - Providencia y Santa Catalina;OFICIAL;216;42.0;177.0;107.0;76;273.0;138.0;0.1944;0.6045;0.7103;1.2639
1126;UNIVERSIDAD NACIONAL DE COLOMBIA;SAN ANDRES Y PROVI;OFICIAL;60;42.0;177.0;107.0;76;273.0;138.0;0.7;0.6045;0.7103;4.55
1126;UNIVERSIDAD NACIONAL DE COLOMBIA;SAN ANDRES Y PROVIDENCIA;OFICIAL;184;42.0;177.0;107.0;76;273.0;138.0;0.2283;0.6045;0.7103;1.4837
1201;UNIVERSIDAD DE ANTIOQUIA;ANTIOQUIA;OFICIAL;758899;33911.0;883577.0;137105.0;104627;134023.0;35192.0;0.0447;0.1552;0.7631;0.1766
1202;UNIVERSIDAD DEL ATLANTICO;AtlÃ¡ntico;OFICIAL;453555;22987.0;449746.0;66182.0;63021;25074.0;2469.0;0.0507;0.1472;0.9522;0.0553
1203;UNIVERSIDAD DEL VALLE;VALLE DEL CAUCA;OFICIAL;660171;30900.0;219103.0;95527.0;96136;61430.0;29172.0;0.0468;0.436;1.0064;0.0931
1204;UNIVERSIDAD INDUSTRIAL DE SANTANDER;SANTANDER;OFICIAL;460619;23925.0;160785.0;68310.0;63081;37785.0;22274.0;0.0519;0.4249;0.9235;0.082
1205;UNIVERSIDAD DE CARTAGENA;BolÃ­var;OFICIAL;434390;30877.0;241620.0;79560.0;72243;26461.0;18621.0;0.0711;0.3293;0.908;0.0609
1206;UNIVERSIDAD DE NARIÃO;NariÃ±o;OFICIAL;302453;13737.0;145043.0;41074.0;36536;19373.0;15532.0;0.0454;0.2832;0.8895;0.0641
1207;UNIVERSIDAD DEL TOLIMA;TOLIMA;OFICIAL;478191;25269.0;191116.0;95646.0;76672;36045.0;10023.0;0.0528;0.5005;0.8016;0.0754
1208;UNIVERSIDAD DEL QUINDIO;QUINDIO;OFICIAL;370301;17092.0;115053.0;65541.0;52446;22789.0;1696.0;0.0462;0.5697;0.8002;0.0615
1209;UNIVERSIDAD FRANCISCO DE PAULA SANTANDER;NORTE DE SANTANDER;OFICIAL;380675;17857.0;75348.0;45635.0;39446;18172.0;7218.0;0.0469;0.6057;0.8644;0.0477
1210;UNIVERSIDAD FRANCISCO DE PAULA SANTANDER;NORTE DE SANTANDER;OFICIAL;136400;7014.0;30087.0;18193.0;15855;8297.0;9138.0;0.0514;0.6047;0.8715;0.0608
1212;UNIVERSIDAD DE PAMPLONA;NORTE DE SANTANDER;OFICIAL;515377;25149.0;161326.0;76502.0;71162;35544.0;6432.0;0.0488;0.4742;0.9302;0.069
1213;UNIVERSIDAD DEL MAGDALENA - UNIMAGDALENA;Magdalena;OFICIAL;486535;25752.0;249813.0;77333.0;68720;28088.0;6283.0;0.0529;0.3096;0.8886;0.0577
1214;UNIVERSIDAD DE CUNDINAMARCA-UDEC;CUNDINAMARCA;OFICIAL;230245;13717.0;83281.0;36453.0;32385;16901.0;9356.0;0.0596;0.4377;0.8884;0.0734
1215;UNIVERSIDAD DE CUNDINAMARCA-UDEC;CUNDINAMARCA;OFICIAL;42746;2510.0;15281.0;5579.0;4757;3616.0;1240.0;0.0587;0.3651;0.8527;0.0846
1216;UNIVERSIDAD DE CUNDINAMARCA-UDEC;CUNDINAMARCA;OFICIAL;11605;423.0;2891.0;1939.0;1641;1567.0;687.0;0.0364;0.6707;0.8463;0.135
1217;UNIVERSIDAD DE SUCRE;SUCRE;OFICIAL;129157;6554.0;62158.0;19391.0;15598;10970.0;2308.0;0.0507;0.312;0.8044;0.0849
1218;UNIVERSIDAD DE LA GUAJIRA;GUAJIRA;OFICIAL;87248;16383.0;87435.0;50684.0;44804;27525.0;5084.0;0.1878;0.5797;0.884;0.3155
1218;UNIVERSIDAD DE LA GUAJIRA;La Guajira;OFICIAL;210955;16383.0;87435.0;50684.0;44804;27525.0;5084.0;0.0777;0.5797;0.884;0.1305
1219;UNIVERSIDAD DE ANTIOQUIA;ANTIOQUIA;OFICIAL;9742;466.0;9926.0;1862.0;1383;14471.0;158.0;0.0478;0.1876;0.7427;1.4854
1220;UNIVERSIDAD DE ANTIOQUIA;ANTIOQUIA;OFICIAL;6062;281.0;3370.0;1086.0;835;3807.0;65.0;0.0464;0.3223;0.7689;0.628
1221;UNIVERSIDAD DE ANTIOQUIA;ANTIOQUIA;OFICIAL;5234;228.0;4716.0;1117.0;726;4754.0;145.0;0.0436;0.2369;0.65;0.9083
1222;UNIVERSIDAD DE ANTIOQUIA;ANTIOQUIA;OFICIAL;1597;105.0;687.0;138.0;110;1074.0;61.0;0.0657;0.2009;0.7971;0.6725
1223;UNIVERSIDAD DE ANTIOQUIA;ANTIOQUIA;OFICIAL;7713;337.0;10296.0;1509.0;1240;7619.0;70.0;0.0437;0.1466;0.8217;0.9878
1301;UNIVERSIDAD DISTRITAL-FRANCISCO JOSE DE CALDAS;BogotÃ¡ - D.C.;OFICIAL;566153;22681.0;271009.0;90878.0;77124;36255.0;4435.0;0.0401;0.3353;0.8487;0.064
1701;PONTIFICIA UNIVERSIDAD JAVERIANA;BogotÃ¡ - D.C.;PRIVADA;514174;42174.0;222098.0;125353.0;81112;74596.0;41087.0;0.082;0.5644;0.6471;0.1451
1702;PONTIFICIA UNIVERSIDAD JAVERIANA;VALLE DEL CAUCA;PRIVADA;180130;14585.0;48488.0;37871.0;30379;24423.0;14848.0;0.081;0.781;0.8022;0.1356
1703;UNIVERSIDAD INCCA DE COLOMBIA;BogotÃ¡ - D.C.;PRIVADA;57738;3737.0;24154.0;14348.0;12894;5097.0;163.0;0.0647;0.594;0.8987;0.0883
1704;UNIVERSIDAD SANTO TOMAS;BogotÃ¡ - D.C.;PRIVADA;417105;30904.0;123574.0;100996.0;67242;33522.0;13917.0;0.0741;0.8173;0.6658;0.0804
1705;UNIVERSIDAD SANTO TOMAS;SANTANDER;PRIVADA;131679;10999.0;29919.0;25404.0;22778;15962.0;7504.0;0.0835;0.8491;0.8966;0.1212
1706;UNIVERSIDAD EXTERNADO DE COLOMBIA;BogotÃ¡ - D.C.;PRIVADA;293994;41712.0;139307.0;113422.0;84068;38976.0;15912.0;0.1419;0.8142;0.7412;0.1326
1707;FUNDACION UNIVERSIDAD DE BOGOTA - JORGE TADEO LOZANO;BogotÃ¡ - D.C.;PRIVADA;205741;18329.0;52200.0;42329.0;34478;20613.0;8698.0;0.0891;0.8109;0.8145;0.1002
1708;FUNDACION UNIVERSIDAD DE BOGOTA - JORGE TADEO LOZANO;BolÃ­var;PRIVADA;6505;424.0;1191.0;757.0;643;961.0;1527.0;0.0652;0.6356;0.8494;0.1477
1709;UNIVERSIDAD CENTRAL;BogotÃ¡ - D.C.;PRIVADA;216992;13264.0;55675.0;50237.0;28109;16761.0;11748.0;0.0611;0.9023;0.5595;0.0772
1710;UNIVERSIDAD PONTIFICIA BOLIVARIANA;ANTIOQUIA;PRIVADA;328789;25539.0;105446.0;70273.0;51398;47147.0;16445.0;0.0777;0.6664;0.7314;0.1434
1711;UNIVERSIDAD DE LA SABANA;CUNDINAMARCA;PRIVADA;280206;25231.0;153161.0;84157.0;48319;40284.0;24602.0;0.09;0.5495;0.5742;0.1438
1712;UNIVERSIDAD EAFIT-;ANTIOQUIA;PRIVADA;292767;24223.0;80103.0;72761.0;52790;23826.0;23676.0;0.0827;0.9083;0.7255;0.0814
1713;UNIVERSIDAD DEL NORTE;AtlÃ¡ntico;PRIVADA;315741;25546.0;109173.0;87867.0;48625;30511.0;21048.0;0.0809;0.8048;0.5534;0.0966
1714;COLEGIO MAYOR DE NUESTRA SEÃORA DEL ROSARIO;BogotÃ¡ - D.C.;PRIVADA;279441;28633.0;135606.0;87632.0;51043;38651.0;12483.0;0.1025;0.6462;0.5825;0.1383
1715;FUNDACION UNIVERSIDAD DE AMERICA;BogotÃ¡ - D.C.;PRIVADA;78778;6030.0;17870.0;13671.0;10315;6230.0;3186.0;0.0765;0.765;0.7545;0.0791
1716;UNIVERSIDAD DE SAN BUENAVENTURA;VALLE DEL CAUCA;PRIVADA;107260;7821.0;24194.0;21773.0;17114;9135.0;9127.0;0.0729;0.8999;0.786;0.0852
1717;UNIVERSIDAD DE SAN BUENAVENTURA;ANTIOQUIA;PRIVADA;102283;6601.0;19673.0;17434.0;13781;9983.0;4563.0;0.0645;0.8862;0.7905;0.0976
1718;UNIVERSIDAD DE SAN BUENAVENTURA;BogotÃ¡ - D.C.;PRIVADA;56241;4328.0;24544.0;16558.0;10684;4610.0;1680.0;0.077;0.6746;0.6452;0.082
1719;UNIVERSIDAD CATOLICA DE COLOMBIA;BogotÃ¡ - D.C.;PRIVADA;224421;22308.0;49886.0;47793.0;39271;14340.0;10712.0;0.0994;0.958;0.8217;0.0639
1720;UNIVERSIDAD MARIANA;NariÃ±o;PRIVADA;149485;10467.0;46041.0;26407.0;21700;10785.0;4191.0;0.07;0.5736;0.8218;0.0721
1722;UNIVERSIDAD DE MANIZALES;Caldas;PRIVADA;158752;13832.0;43124.0;34234.0;29445;14138.0;4843.0;0.0871;0.7939;0.8601;0.0891
1723;UNIVERSIDAD PONTIFICIA BOLIVARIANA;SANTANDER;PRIVADA;113246;9307.0;25738.0;22882.0;17474;9218.0;3966.0;0.0822;0.889;0.7637;0.0814
1724;UNIVERSIDAD DE SAN BUENAVENTURA;BolÃ­var;PRIVADA;72151;4565.0;19941.0;17967.0;10875;5471.0;3365.0;0.0633;0.901;0.6053;0.0758
1725;FUNDACION UNIVERSIDAD AUTONOMA DE COLOMBIA -FUAC-;BogotÃ¡ - D.C.;PRIVADA;80340;5249.0;14783.0;13173.0;6461;4327.0;2646.0;0.0653;0.8911;0.4905;0.0539
1726;UNIVERSIDAD CATOLICA DE ORIENTE;ANTIOQUIA;PRIVADA;33945;6921.0;24726.0;19179.0;16635;7877.0;13567.0;0.2039;0.7757;0.8674;0.2321
1726;UNIVERSIDAD CATOLICA DE ORIENTE -UCO;ANTIOQUIA;PRIVADA;76321;6921.0;24726.0;19179.0;16635;7877.0;13567.0;0.0907;0.7757;0.8674;0.1032
1727;UNIVERSIDAD PONTIFICIA BOLIVARIANA;CORDOBA;PRIVADA;66895;4402.0;15241.0;13261.0;10710;7400.0;3056.0;0.0658;0.8701;0.8076;0.1106
1728;UNIVERSIDAD SERGIO ARBOLEDA;BogotÃ¡ - D.C.;PRIVADA;209388;20830.0;86119.0;52754.0;41639;23472.0;13316.0;0.0995;0.6126;0.7893;0.1121
1729;UNIVERSIDAD EL BOSQUE;BogotÃ¡ - D.C.;PRIVADA;270806;20015.0;122859.0;64176.0;46539;46007.0;12322.0;0.0739;0.5224;0.7252;0.1699
1730;UNIVERSIDAD PONTIFICIA BOLIVARIANA;VALLE DEL CAUCA;PRIVADA;10019;475.0;1873.0;1428.0;1334;2535.0;1442.0;0.0474;0.7624;0.9342;0.253
1732;UNIVERSIDAD SANTO TOMAS;BoyacÃ¡;PRIVADA;89209;7439.0;21493.0;19708.0;16397;8159.0;2164.0;0.0834;0.9169;0.832;0.0915
1733;UNIVERSIDAD SERGIO ARBOLEDA;Magdalena;PRIVADA;50851;3412.0;15119.0;10617.0;8038;5901.0;3877.0;0.0671;0.7022;0.7571;0.116
1734;UNIVERSIDAD DE BOYACA UNIBOYACA;BoyacÃ¡;PRIVADA;122930;8533.0;27296.0;26311.0;21347;15638.0;3268.0;0.0694;0.9639;0.8113;0.1272
1735;UNIVERSIDAD MANUELA BELTRAN-UMB-;BogotÃ¡ - D.C.;PRIVADA;163172;11263.0;67284.0;52722.0;34132;9930.0;10683.0;0.069;0.7836;0.6474;0.0609
1801;UNIVERSIDAD LA GRAN COLOMBIA;BogotÃ¡ - D.C.;PRIVADA;224148;17039.0;47055.0;40681.0;32653;15960.0;10386.0;0.076;0.8645;0.8027;0.0712
1802;UNIVERSIDAD LA GRAN COLOMBIA;QUINDIO;PRIVADA;54688;3822.0;9720.0;9202.0;7938;5308.0;2640.0;0.0699;0.9467;0.8626;0.0971
1803;UNIVERSIDAD DE LA SALLE;BogotÃ¡ - D.C.;PRIVADA;262195;18430.0;63622.0;55146.0;32892;20813.0;12980.0;0.0703;0.8668;0.5965;0.0794
1804;UNIVERSIDAD AUTONOMA DEL CARIBE;AtlÃ¡ntico;PRIVADA;44795;13853.0;55759.0;47489.0;29129;12434.0;6358.0;0.3093;0.8517;0.6134;0.2776
1804;UNIVERSIDAD AUTONOMA DEL CARIBE- UNIAUTONOMA;AtlÃ¡ntico;PRIVADA;140782;13853.0;55759.0;47489.0;29129;12434.0;6358.0;0.0984;0.8517;0.6134;0.0883
1805;UNIVERSIDAD SANTIAGO DE CALI;VALLE DEL CAUCA;PRIVADA;366645;23039.0;94504.0;72408.0;65281;19923.0;7924.0;0.0628;0.7662;0.9016;0.0543
1806;UNIVERSIDAD LIBRE;BogotÃ¡ - D.C.;PRIVADA;218024;19755.0;59160.0;50212.0;37174;15163.0;9457.0;0.0906;0.8487;0.7403;0.0695
1807;UNIVERSIDAD LIBRE;VALLE DEL CAUCA;PRIVADA;138762;12975.0;46030.0;31165.0;22024;13780.0;3188.0;0.0935;0.6771;0.7067;0.0993
1808;UNIVERSIDAD LIBRE;AtlÃ¡ntico;PRIVADA;124364;9979.0;46625.0;29965.0;21581;10092.0;3162.0;0.0802;0.6427;0.7202;0.0811
1809;UNIVERSIDAD LIBRE;RISARALDA;PRIVADA;88381;7570.0;21656.0;17973.0;14486;5621.0;2718.0;0.0857;0.8299;0.806;0.0636
1810;UNIVERSIDAD LIBRE;NORTE DE SANTANDER;PRIVADA;44365;4281.0;10950.0;10233.0;7986;2750.0;1379.0;0.0965;0.9345;0.7804;0.062
1811;UNIVERSIDAD LIBRE;SANTANDER;PRIVADA;26371;2332.0;4967.0;4716.0;4186;2284.0;683.0;0.0884;0.9495;0.8876;0.0866
1812;UNIVERSIDAD DE MEDELLIN;ANTIOQUIA;PRIVADA;241112;19361.0;60777.0;56939.0;37975;22970.0;9328.0;0.0803;0.9369;0.6669;0.0953
1813;UNIVERSIDAD DE LOS ANDES;BogotÃ¡ - D.C.;PRIVADA;469916;36742.0;248510.0;125289.0;75995;37863.0;51490.0;0.0782;0.5042;0.6066;0.0806
1814;UNIVERSIDAD AUTONOMA LATINOAMERICANA-UNAULA-;ANTIOQUIA;PRIVADA;115038;10359.0;33124.0;30147.0;21741;10200.0;1393.0;0.09;0.9101;0.7212;0.0887
1815;CORPORACION UNIVERSIDAD PILOTO DE COLOMBIA;BogotÃ¡ - D.C.;PRIVADA;142230;12822.0;37289.0;31345.0;24984;10208.0;3523.0;0.0901;0.8406;0.7971;0.0718
1816;UNIVERSIDAD COOPERATIVA DE COLOMBIA;ANTIOQUIA;PRIVADA;97919;7105.0;40673.0;22500.0;15153;14615.0;11417.0;0.0726;0.5532;0.6735;0.1493
1817;UNIVERSIDAD COOPERATIVA DE COLOMBIA;SANTANDER;PRIVADA;82185;5437.0;23885.0;17505.0;11329;6309.0;3150.0;0.0662;0.7329;0.6472;0.0768
1818;UNIVERSIDAD COOPERATIVA DE COLOMBIA;BogotÃ¡ - D.C.;PRIVADA;649463;43102.0;154733.0;131830.0;81600;48398.0;23439.0;0.0664;0.852;0.619;0.0745
1819;UNIVERSIDAD COOPERATIVA DE COLOMBIA;SANTANDER;PRIVADA;19908;1590.0;4560.0;3928.0;2474;1830.0;1303.0;0.0799;0.8614;0.6298;0.0919
1820;UNIVERSIDAD COOPERATIVA DE COLOMBIA;Magdalena;PRIVADA;89621;5358.0;30521.0;17738.0;10849;8768.0;3405.0;0.0598;0.5812;0.6116;0.0978
1822;CORPORACION UNIVERSIDAD PILOTO DE COLOMBIA;CUNDINAMARCA;PRIVADA;25899;1666.0;6889.0;6141.0;3746;1782.0;499.0;0.0643;0.8914;0.61;0.0688
1823;UNIVERSIDAD AUTONOMA DE BUCARAMANGA-UNAB-;SANTANDER;PRIVADA;229121;18791.0;69897.0;56962.0;35736;20530.0;10561.0;0.082;0.8149;0.6274;0.0896
1824;UNIVERSIDAD METROPOLITANA;AtlÃ¡ntico;PRIVADA;102622;6434.0;25526.0;15859.0;11200;11054.0;5356.0;0.0627;0.6213;0.7062;0.1077
1825;UNIVERSIDAD AUTONOMA DE MANIZALES;Caldas;PRIVADA;110728;8310.0;28528.0;24706.0;20049;9088.0;4515.0;0.075;0.866;0.8115;0.0821
1826;UNIVERSIDAD ANTONIO NARIÃO;BogotÃ¡ - D.C.;PRIVADA;322071;18976.0;108104.0;62280.0;47428;35148.0;6025.0;0.0589;0.5761;0.7615;0.1091
1827;UNIVERSIDAD CATOLICA DE MANIZALES;Caldas;PRIVADA;65733;9615.0;22839.0;19606.0;14971;5732.0;6324.0;0.1463;0.8584;0.7636;0.0872
1828;UNIVERSIDAD ICESI;VALLE DEL CAUCA;PRIVADA;164892;13294.0;47417.0;35112.0;26947;26090.0;13306.0;0.0806;0.7405;0.7675;0.1582
1829;UNIVERSIDAD SANTIAGO DE CALI;VALLE DEL CAUCA;PRIVADA;46260;2197.0;10085.0;7250.0;6069;3459.0;4102.0;0.0475;0.7189;0.8371;0.0748
1830;UNIVERSIDAD AUTONOMA DE OCCIDENTE;VALLE DEL CAUCA;PRIVADA;214475;17223.0;50450.0;48940.0;35896;18083.0;13654.0;0.0803;0.9701;0.7335;0.0843
1831;UNIVERSIDAD DE IBAGUE;TOLIMA;PRIVADA;133201;7822.0;23321.0;22488.0;17059;7239.0;8672.0;0.0587;0.9643;0.7586;0.0543
1832;UNIVERSIDAD TECNOLOGICA DE BOLIVAR;BolÃ­var;PRIVADA;136947;10979.0;38709.0;34886.0;26863;7419.0;4075.0;0.0802;0.9012;0.77;0.0542
1833;CORPORACIÃN UNIVERSIDAD DEL SINU - ELIAS BECHARA ZAINUM - UNISINU -;CORDOBA;PRIVADA;19526;10107.0;57762.0;40378.0;24502;13138.0;7495.0;0.5176;0.699;0.6068;0.6728
1833;UNIVERSIDAD DEL SINU - ELIAS BECHARA ZAINUM - UNISINU -;CORDOBA;PRIVADA;159334;10107.0;57762.0;40378.0;24502;13138.0;7495.0;0.0634;0.699;0.6068;0.0825
1834;CORPORACIÃN UNIVERSIDAD DEL SINU - ELIAS BECHARA ZAINUM - UNISINU -;BolÃ­var;PRIVADA;11998;5628.0;36462.0;22621.0;16098;7345.0;4980.0;0.4691;0.6204;0.7116;0.6122
1834;UNIVERSIDAD DEL SINU - ELIAS BECHARA ZAINUM - UNISINU -;BolÃ­var;PRIVADA;86708;5628.0;36462.0;22621.0;16098;7345.0;4980.0;0.0649;0.6204;0.7116;0.0847
1835;UNIVERSIDAD DE CIENCIAS APLICADAS Y AMBIENTALES - UDCA;BogotÃ¡ - D.C.;PRIVADA;109260;7670.0;34294.0;20164.0;15149;10098.0;7105.0;0.0702;0.588;0.7513;0.0924
2102;UNIVERSIDAD NACIONAL ABIERTA Y A DISTANCIA UNAD;BogotÃ¡ - D.C.;OFICIAL;2094032;64498.0;928674.0;469775.0;440587;69576.0;2936.0;0.0308;0.5059;0.9379;0.0332
2104;ESCUELA SUPERIOR DE ADMINISTRACION PUBLICA-ESAP-;BogotÃ¡ - D.C.;OFICIAL;337340;21287.0;180814.0;87968.0;63731;22733.0;5097.0;0.0631;0.4865;0.7245;0.0674
2106;DIRECCION DE EDUCACION POLICIAL;BogotÃ¡ - D.C.;OFICIAL;92809;59321.0;117564.0;104026.0;100737;9270.0;39832.0;0.6392;0.8848;0.9684;0.0999
2106;DIRECCION NACIONAL DE ESCUELAS;BogotÃ¡ - D.C.;OFICIAL;94664;59321.0;117564.0;104026.0;100737;9270.0;39832.0;0.6266;0.8848;0.9684;0.0979
2110;COLEGIO MAYOR DE ANTIOQUIA;ANTIOQUIA;OFICIAL;102283;6039.0;48197.0;21898.0;19515;9447.0;728.0;0.059;0.4543;0.8912;0.0924
2114;ESCUELA NACIONAL DEL DEPORTE;VALLE DEL CAUCA;OFICIAL;75169;5234.0;24516.0;14233.0;12197;4309.0;1661.0;0.0696;0.5806;0.857;0.0573
2206;INSTITUTO DEPARTAMENTAL DE BELLAS ARTES;VALLE DEL CAUCA;OFICIAL;15783;621.0;4384.0;2000.0;1919;2876.0;1009.0;0.0393;0.4562;0.9595;0.1822
2207;INSTITUTO UNIVERSITARIO DE LA PAZ;SANTANDER;OFICIAL;86072;5030.0;23765.0;17476.0;14897;7161.0;784.0;0.0584;0.7354;0.8524;0.0832
2208;CONSERVATORIO DEL TOLIMA;TOLIMA;OFICIAL;8273;374.0;2128.0;1525.0;1359;844.0;485.0;0.0452;0.7166;0.8911;0.102
2209;POLITECNICO COLOMBIANO JAIME ISAZA CADAVID;ANTIOQUIA;OFICIAL;284733;14884.0;110888.0;55800.0;50430;30324.0;4366.0;0.0523;0.5032;0.9038;0.1065
2211;INSTITUCION UNIVERSITARIA BELLAS ARTES Y CIENCIAS DE BOLIVAR;BolÃ­var;OFICIAL;26327;1285.0;6740.0;4403.0;4314;1745.0;856.0;0.0488;0.6533;0.9798;0.0663
2301;UNIDAD CENTRAL DEL VALLE DEL CAUCA;VALLE DEL CAUCA;OFICIAL;102818;4762.0;40397.0;15867.0;14045;13708.0;2588.0;0.0463;0.3928;0.8852;0.1333
2302;INSTITUCION UNIVERSITARIA DE ENVIGADO;ANTIOQUIA;OFICIAL;95362;5125.0;36377.0;19473.0;15666;10506.0;1962.0;0.0537;0.5353;0.8045;0.1102
2701;INSTITUCION UNIVERSITARIA COLEGIOS DE COLOMBIA - UNICOC;BogotÃ¡ - D.C.;PRIVADA;39991;2496.0;16978.0;11205.0;6538;4519.0;2689.0;0.0624;0.66;0.5835;0.113
2702;FUNDACION UNIVERSITARIA DE CIENCIAS DE LA SALUD;BogotÃ¡ - D.C.;PRIVADA;83983;8230.0;67370.0;21267.0;15992;16638.0;4661.0;0.098;0.3157;0.752;0.1981
2704;COLEGIO DE ESTUDIOS SUPERIORES DE ADMINISTRACION-CESA-;BogotÃ¡ - D.C.;PRIVADA;38564;3623.0;12596.0;8759.0;6934;6119.0;1670.0;0.0939;0.6954;0.7916;0.1587
2707;FUNDACION UNIVERSITARIA JUAN N. CORPAS;BogotÃ¡ - D.C.;PRIVADA;25358;3081.0;15915.0;8606.0;6055;3368.0;3917.0;0.1215;0.5407;0.7036;0.1328
2707;FUNDACIÂ¿N UNIVERSITARIA JUAN N. CORPAS;BogotÃ¡ - D.C.;PRIVADA;4558;3081.0;15915.0;8606.0;6055;3368.0;3917.0;0.676;0.5407;0.7036;0.7389
2707;FUNDACIÃN UNIVERSITARIA JUAN N. CORPAS;BogotÃ¡ - D.C.;PRIVADA;18952;3081.0;15915.0;8606.0;6055;3368.0;3917.0;0.1626;0.5407;0.7036;0.1777
2708;UNIVERSIDAD CES;ANTIOQUIA;PRIVADA;127101;11086.0;56073.0;28068.0;22164;27577.0;10196.0;0.0872;0.5006;0.7897;0.217
2709;FUNDACION UNIVERSITARIA SAN MARTIN;BogotÃ¡ - D.C.;PRIVADA;144383;5010.0;26253.0;18180.0;11870;16061.0;10697.0;0.0347;0.6925;0.6529;0.1112
2710;FUNDACION UNIVERSITARIA MONSERRATE -UNIMONSERRATE;BogotÃ¡ - D.C.;PRIVADA;40583;2895.0;11113.0;9734.0;7767;4419.0;2078.0;0.0713;0.8759;0.7979;0.1089
2711;UNIVERSIDAD CATOLICA DE PEREIRA;RISARALDA;PRIVADA;66075;5680.0;15860.0;14504.0;12626;4752.0;1499.0;0.086;0.9145;0.8705;0.0719
2712;FUNDACION UNIVERSITARIA KONRAD LORENZ;BogotÃ¡ - D.C.;PRIVADA;84310;7431.0;21685.0;20262.0;17003;6551.0;2121.0;0.0881;0.9344;0.8392;0.0777
2713;FUNDACION UNIVERSITARIA LOS LIBERTADORES;BogotÃ¡ - D.C.;PRIVADA;208516;19581.0;60774.0;52400.0;41103;13245.0;6078.0;0.0939;0.8622;0.7844;0.0635
2715;FUNDACION UNIVERSITARIA DE POPAYAN;Cauca;PRIVADA;132560;8483.0;26585.0;22689.0;19345;8083.0;4379.0;0.064;0.8535;0.8526;0.061
2719;FUNDACION UNIVERSITARIA LUIS AMIGO FUNLAM;ANTIOQUIA;PRIVADA;60232;17150.0;66076.0;51136.0;42865;18846.0;5863.0;0.2847;0.7739;0.8383;0.3129
2719;UNIVERSIDAD CATÂ¿LICA LUIS AMIGÂ¿;ANTIOQUIA;PRIVADA;32774;17150.0;66076.0;51136.0;42865;18846.0;5863.0;0.5233;0.7739;0.8383;0.575
2719;UNIVERSIDAD CATÃLICA LUIS AMIGÃ;ANTIOQUIA;PRIVADA;116592;17150.0;66076.0;51136.0;42865;18846.0;5863.0;0.1471;0.7739;0.8383;0.1616
2719;UNIVERSIDAD CATÃLICA LUIS AMIGÃ-FUNLAM;ANTIOQUIA;PRIVADA;136137;17150.0;66076.0;51136.0;42865;18846.0;5863.0;0.126;0.7739;0.8383;0.1384
2720;FUNDACION UNIVERSITARIA JUAN DE CASTELLANOS;BoyacÃ¡;PRIVADA;84498;8040.0;25448.0;23431.0;22447;6222.0;3341.0;0.0952;0.9207;0.958;0.0736
2721;FUNDACION UNIVERSITARIA MARIA CANO;ANTIOQUIA;PRIVADA;82518;5565.0;21428.0;16905.0;13818;4866.0;2549.0;0.0674;0.7889;0.8174;0.059
2723;FUNDACION UNIVERSITARIA AGRARIA DE COLOMBIA -UNIAGRARIA-;BogotÃ¡ - D.C.;PRIVADA;78159;4279.0;23911.0;16750.0;12002;7718.0;4961.0;0.0547;0.7005;0.7165;0.0987
2724;FUNDACION UNIVERSITARIA DE SAN GIL - UNISANGIL -;SANTANDER;PRIVADA;80332;5176.0;14186.0;13023.0;10366;9664.0;4041.0;0.0644;0.918;0.796;0.1203
2725;POLITECNICO GRANCOLOMBIANO;BogotÃ¡ - D.C.;PRIVADA;1007490;93966.0;532522.0;365901.0;246731;21004.0;16789.0;0.0933;0.6871;0.6743;0.0208
2727;FUNDACION UNIVERSITARIA-CEIPA-;ANTIOQUIA;PRIVADA;108072;7668.0;32564.0;29108.0;24188;3800.0;3526.0;0.071;0.8939;0.831;0.0352
2728;FUNDACION UNIVERSITARIA DEL AREA ANDINA;BogotÃ¡ - D.C.;PRIVADA;564138;62876.0;346042.0;237598.0;153824;23168.0;11785.0;0.1115;0.6866;0.6474;0.0411
2730;FUNDACION ESCUELA COLOMBIANA DE REHABILITACION;BogotÃ¡ - D.C.;PRIVADA;19102;1469.0;6748.0;4611.0;3534;2188.0;1141.0;0.0769;0.6833;0.7664;0.1145
2731;FUNDACION UNIVERSITARIA CATOLICA LUMEN GENTIUM;VALLE DEL CAUCA;PRIVADA;40776;7759.0;18283.0;15392.0;14177;4092.0;9318.0;0.1903;0.8419;0.9211;0.1004
2731;FUNDACION UNIVERSITARIA CATOLICA LUMEN GENTIUM - UNICATÂ¿LICA - Cali;VALLE DEL CAUCA;PRIVADA;8152;7759.0;18283.0;15392.0;14177;4092.0;9318.0;0.9518;0.8419;0.9211;0.502
2731;FUNDACION UNIVERSITARIA CATOLICA LUMEN GENTIUM - UNICATÃLICA - CALI;VALLE DEL CAUCA;PRIVADA;23269;7759.0;18283.0;15392.0;14177;4092.0;9318.0;0.3334;0.8419;0.9211;0.1759
2732;FUNDACION UNIVERSITARIA CATOLICA DEL NORTE;ANTIOQUIA;PRIVADA;81715;4967.0;17939.0;17106.0;16542;2489.0;5624.0;0.0608;0.9536;0.967;0.0305
2733;FUNDACIÃN UNIVERSITARIA SAN ALFONSO- FUSA-;BogotÃ¡ - D.C.;PRIVADA;6476;530.0;1377.0;1321.0;981;878.0;863.0;0.0818;0.9593;0.7426;0.1356
2736;FUNDACION UNIVERSITARIA SEMINARIO BIBLICO DE COLOMBIA;ANTIOQUIA;PRIVADA;2071;131.0;745.0;699.0;612;573.0;632.0;0.0633;0.9383;0.8755;0.2767
2736;FUNDACION UNIVERSITARIA SEMINARIO BIBLICO DE COLOMBIA - FUSBC;ANTIOQUIA;PRIVADA;1518;131.0;745.0;699.0;612;573.0;632.0;0.0863;0.9383;0.8755;0.3775
2737;FUNDACION UNIVERSITARIA DEL AREA ANDINA;RISARALDA;PRIVADA;112103;7673.0;43076.0;27954.0;17204;9475.0;4537.0;0.0684;0.6489;0.6154;0.0845
2738;FUNDACION UNIVERSITARIA EMPRESARIAL DE LA CAMARA DE COMERCIO DE BOGO;BogotÃ¡ - D.C.;PRIVADA;2242;1702.0;6022.0;5725.0;4487;2905.0;2262.0;0.7591;0.9507;0.7838;1.2957
2738;FUNDACION UNIVERSITARIA EMPRESARIAL DE LA CAMARA DE COMERCIO DE BOGOTA;BogotÃ¡ - D.C.;PRIVADA;6521;1702.0;6022.0;5725.0;4487;2905.0;2262.0;0.261;0.9507;0.7838;0.4455
2738;FUNDACION UNIVERSITARIA EMPRESARIAL DE LA CAMARA DE COMERCIO DE BOGOTA- UNIEMPRESARIAL;BogotÃ¡ - D.C.;PRIVADA;6720;1702.0;6022.0;5725.0;4487;2905.0;2262.0;0.2533;0.9507;0.7838;0.4323
2738;FUNDACION UNIVESITARIA EMPRESARIAL DE LA CAMARA DE COMERCIO DE BOGOTA;BogotÃ¡ - D.C.;PRIVADA;7598;1702.0;6022.0;5725.0;4487;2905.0;2262.0;0.224;0.9507;0.7838;0.3823
2739;FUNDACION DE ESTUDIOS SUPERIORES UNIVERSITARIOS DE URABA ANTONIO ROL;ANTIOQUIA;PRIVADA;608;420.0;2090.0;1630.0;1291;476.0;458.0;0.6908;0.7799;0.792;0.7829
2739;FUNDACION DE ESTUDIOS SUPERIORES UNIVERSITARIOS DE URABA ANTONIO ROLDAN BETANCU;ANTIOQUIA;PRIVADA;251;420.0;2090.0;1630.0;1291;476.0;458.0;1.6733;0.7799;0.792;1.8964
2739;FUNDACION DE ESTUDIOS SUPERIORES UNIVERSITARIOS DE URABA ANTONIO ROLDAN BETANCUR;ANTIOQUIA;PRIVADA;3941;420.0;2090.0;1630.0;1291;476.0;458.0;0.1066;0.7799;0.792;0.1208
2740;INSTITUCION UNIVERSITARIA COLOMBO AMERICANA - UNICA;BogotÃ¡ - D.C.;PRIVADA;4143;392.0;1122.0;929.0;774;711.0;240.0;0.0946;0.828;0.8332;0.1716
2741;FUNDACION DE ESTUDIOS SUPERIORES - MONSEÃOR ABRAHAM ESCUDERO MONTOYA;TOLIMA;PRIVADA;1075;553.0;1894.0;1840.0;1734;808.0;489.0;0.5144;0.9715;0.9424;0.7516
2741;FUNDACION DE ESTUDIOS SUPERIORES - MONSEÃOR ABRAHAM ESCUDERO MONTOYA  - FUNDES;TOLIMA;PRIVADA;9910;553.0;1894.0;1840.0;1734;808.0;489.0;0.0558;0.9715;0.9424;0.0815
2743;FUNDACION UNIVERSITARIA INTERNACIONAL DEL TROPICO AMERICANO;CASANARE;PRIVADA;26163;3201.0;9934.0;8022.0;8686;4074.0;2435.0;0.1223;0.8075;1.0828;0.1557
2743;UNIVERSIDAD INTERNACIONAL DEL TRÃPICO AMERICANO;CASANARE;OFICIAL;9160;3201.0;9934.0;8022.0;8686;4074.0;2435.0;0.3495;0.8075;1.0828;0.4448
2743;UNIVERSIDAD INTERNACIONAL DEL TRÃPICO AMERICANO - UNITRÃPICO;CASANARE;OFICIAL;11478;3201.0;9934.0;8022.0;8686;4074.0;2435.0;0.2789;0.8075;1.0828;0.3549
2744;INSTITUCION UNIVERSITARIA CENTRO DE ESTUDIOS SUPERIORES MARIA GORETTI;NariÃ±o;PRIVADA;49164;8806.0;25274.0;21490.0;17952;9244.0;4231.0;0.1791;0.8503;0.8354;0.188
2744;UNIVERSIDAD CESMAG - UNICESMAG;NariÃ±o;PRIVADA;73590;8806.0;25274.0;21490.0;17952;9244.0;4231.0;0.1197;0.8503;0.8354;0.1256
2744;UNIVERSIDAD CESMAG Â¿ UNICESMAG;NariÃ±o;PRIVADA;13082;8806.0;25274.0;21490.0;17952;9244.0;4231.0;0.6731;0.8503;0.8354;0.7066
2745;FUNDACIÂ¿N UNIVERSITARIA COMPENSAR;BogotÃ¡ - D.C.;PRIVADA;14072;20851.0;47263.0;34537.0;52594;7876.0;2857.0;1.4817;0.7307;1.5228;0.5597
2745;FUNDACIÃN UNIVERSITARIA COMPENSAR;BogotÃ¡ - D.C.;PRIVADA;66301;20851.0;47263.0;34537.0;52594;7876.0;2857.0;0.3145;0.7307;1.5228;0.1188
2745;UNIPANAMERICANA - FUNDACION UNIVERSITARIA PANAMERICANA;BogotÃ¡ - D.C.;PRIVADA;96258;20851.0;47263.0;34537.0;52594;7876.0;2857.0;0.2166;0.7307;1.5228;0.0818
2746;FUNDACION UNIVERSITARIA SANITAS;BogotÃ¡ - D.C.;PRIVADA;33520;2381.0;37836.0;7599.0;5221;4079.0;5927.0;0.071;0.2008;0.6871;0.1217
2747;FUNDACION UNIVERSITARIA AUTONOMA DE LAS AMERICAS;ANTIOQUIA;PRIVADA;56896;5102.0;23752.0;13820.0;12307;9526.0;4610.0;0.0897;0.5818;0.8905;0.1674
2747;INSTITUCIÃN UNIVERSITARIA VISIÃN DE LAS AMÃRICAS;ANTIOQUIA;PRIVADA;25530;5102.0;23752.0;13820.0;12307;9526.0;4610.0;0.1998;0.5818;0.8905;0.3731
2748;FUNDACION UNIVERSITARIA SEMINARIO TEOLOGICO BAUTISTA INTERNACIONAL;VALLE DEL CAUCA;PRIVADA;6781;366.0;1822.0;1512.0;1202;466.0;313.0;0.054;0.8299;0.795;0.0687
2749;INSTITUCION UNIVERSITARIA  SALAZAR Y HERRERA;ANTIOQUIA;PRIVADA;70489;3604.0;14971.0;14246.0;10209;3857.0;1774.0;0.0511;0.9516;0.7166;0.0547
2805;UNIVERSIDAD SIMON BOLIVAR;AtlÃ¡ntico;PRIVADA;348710;24888.0;96994.0;76510.0;53301;24686.0;8859.0;0.0714;0.7888;0.6967;0.0708
2810;CORPORACION UNIVERSIDAD DE LA COSTA CUC;AtlÃ¡ntico;PRIVADA;257014;18405.0;58792.0;54638.0;42394;14044.0;5430.0;0.0716;0.9293;0.7759;0.0546
2811;ESCUELA COLOMBIANA DE INGENIERIA JULIO GARAVITO;BogotÃ¡ - D.C.;PRIVADA;81741;7077.0;38950.0;32330.0;16590;11690.0;5278.0;0.0866;0.83;0.5131;0.143
2811;UNIVERSIDAD ESCUELA COLOMBIANA DE INGENIERIA JULIO GARAVITO;BogotÃ¡ - D.C.;PRIVADA;37547;7077.0;38950.0;32330.0;16590;11690.0;5278.0;0.1885;0.83;0.5131;0.3113
2812;UNIVERSIDAD EAN;BogotÃ¡ - D.C.;PRIVADA;208906;18753.0;70765.0;61714.0;49687;10918.0;8910.0;0.0898;0.8721;0.8051;0.0523
2813;UNIVERSIDAD EIA;ANTIOQUIA;PRIVADA;44151;2628.0;11028.0;9804.0;7375;4530.0;3079.0;0.0595;0.889;0.7522;0.1026
2815;CORPORACION UNIVERSITARIA ADVENTISTA - UNAC;ANTIOQUIA;PRIVADA;31458;1947.0;10568.0;6995.0;4967;3039.0;4143.0;0.0619;0.6619;0.7101;0.0966
2818;CORPORACION UNIVERSITARIA DE SANTA ROSA DE CABAL-UNISARC-;RISARALDA;PRIVADA;25991;1498.0;5357.0;5343.0;3943;2454.0;1386.0;0.0576;0.9974;0.738;0.0944
2820;CORPORACION UNIVERSITARIA LASALLISTA;ANTIOQUIA;PRIVADA;37262;1521.0;7870.0;7334.0;5359;4215.0;3459.0;0.0408;0.9319;0.7307;0.1131
2822;ESCUELA SUPERIOR DE OFTALMOLOGIA - INSTITUTO BARRAQUER DE AMERICA;BogotÃ¡ - D.C.;PRIVADA;239;26.0;281.0;58.0;35;362.0;290.0;0.1088;0.2064;0.6034;1.5146
2823;CORPORACION UNIVERSITARIA DEL CARIBE - CECAR;SUCRE;PRIVADA;214869;13596.0;51438.0;40867.0;31329;8192.0;2693.0;0.0633;0.7945;0.7666;0.0381
2824;CORPORACION UNIVERSITARIA DE COLOMBIA IDEAS;BogotÃ¡ - D.C.;PRIVADA;9280;607.0;1410.0;1156.0;1664;1184.0;103.0;0.0654;0.8199;1.4394;0.1276
2825;CORPORACION UNIVERSITARIA RAFAEL NUÃEZ;BolÃ­var;PRIVADA;111119;7013.0;36081.0;20828.0;14520;8845.0;3386.0;0.0631;0.5773;0.6971;0.0796
2827;CORPORACION UNIVERSITARIA DEL META;META;PRIVADA;22210;4127.0;16627.0;11407.0;9681;4238.0;3104.0;0.1858;0.6861;0.8487;0.1908
2827;CORPORACION UNIVERSITARIA DEL META - UNIMETA;META;PRIVADA;42842;4127.0;16627.0;11407.0;9681;4238.0;3104.0;0.0963;0.6861;0.8487;0.0989
2828;CORPORACION UNIVERSITARIA DEL HUILA-CORHUILA-;Huila;PRIVADA;83853;4851.0;14443.0;12722.0;10254;5315.0;2086.0;0.0579;0.8808;0.806;0.0634
2829;CORPORACION UNIVERSITARIA MINUTO DE DIOS -UNIMINUTO-;BogotÃ¡ - D.C.;PRIVADA;2178058;167584.0;597486.0;528751.0;407710;85170.0;47746.0;0.0769;0.885;0.7711;0.0391
2830;CORPORACION UNIVERSITARIA IBEROAMERICANA;BogotÃ¡ - D.C.;PRIVADA;308780;28386.0;172703.0;135603.0;94713;7803.0;5764.0;0.0919;0.7852;0.6985;0.0253
2831;CORPORACION UNIVERSITARIA DE CIENCIA Y DESARROLLO - UNICIENCIA;BogotÃ¡ - D.C.;PRIVADA;68180;4620.0;12734.0;10957.0;9840;4158.0;1760.0;0.0678;0.8605;0.8981;0.061
2832;UNIVERSIDAD DE SANTANDER - UDES;SANTANDER;PRIVADA;395103;41512.0;112137.0;89457.0;78339;33153.0;5659.0;0.1051;0.7977;0.8757;0.0839
2833;CORPORACION UNIVERSITARIA REMINGTON;ANTIOQUIA;PRIVADA;421773;30231.0;107405.0;97946.0;82265;20700.0;7657.0;0.0717;0.9119;0.8399;0.0491
2834;UNIVERSITARIA AGUSTINIANA- UNIAGUSTINIANA;BogotÃ¡ - D.C.;PRIVADA;143110;11393.0;32505.0;29942.0;23508;6999.0;2390.0;0.0796;0.9212;0.7851;0.0489
2836;CORPORACION UNIVERSITARIA EMPRESARIAL DE SALAMANCA;AtlÃ¡ntico;PRIVADA;12069;923.0;2811.0;2536.0;2059;969.0;778.0;0.0765;0.9022;0.8119;0.0803
2837;CORPORACION UNIVERSITARIA REPUBLICANA;BogotÃ¡ - D.C.;PRIVADA;116301;10342.0;24907.0;23773.0;23762;4515.0;3519.0;0.0889;0.9545;0.9995;0.0388
2838;CORPORACION COLEGIATURA COLOMBIANA;ANTIOQUIA;PRIVADA;16676;1168.0;3698.0;3585.0;2727;1822.0;1842.0;0.07;0.9694;0.7607;0.1093
2840;CORPORACION UNIVERSITARIA EMPRESARIAL ALEXANDER VON HUMBOLDT - CUE;QUINDIO;PRIVADA;27760;1348.0;6590.0;5464.0;4322;5231.0;2233.0;0.0486;0.8291;0.791;0.1884
2841;CORPORACION UNIVERSITARIA MINUTO DE DIOS -UNIMINUTO-;ANTIOQUIA;PRIVADA;57110;3599.0;18082.0;15213.0;11559;4274.0;6453.0;0.063;0.8413;0.7598;0.0748
2842;CORPORACION UNIVERSITARIA REFORMADA - CUR -;AtlÃ¡ntico;PRIVADA;39960;2528.0;12326.0;11491.0;8170;2986.0;1409.0;0.0633;0.9323;0.711;0.0747
2847;CORPORACION UNIVERSIDAD DE INVESTIGACION Y DESARROLLO - UDI;SANTANDER;PRIVADA;84392;12485.0;43557.0;37134.0;34040;6419.0;4145.0;0.1479;0.8525;0.9167;0.0761
2847;UNIVERSIDAD DE INVESTIGACION Y DESARROLLO - UDI;SANTANDER;PRIVADA;75004;12485.0;43557.0;37134.0;34040;6419.0;4145.0;0.1665;0.8525;0.9167;0.0856
2848;CORPORACION UNIVERSITARIA  UNITEC;BogotÃ¡ - D.C.;PRIVADA;66654;7843.0;23807.0;21421.0;15325;5298.0;3436.0;0.1177;0.8998;0.7154;0.0795
2849;CORPORACION UNIVERSITARIA AUTONOMA DEL CAUCA;Cauca;PRIVADA;55186;4274.0;10494.0;8918.0;8072;3634.0;2173.0;0.0774;0.8498;0.9051;0.0659
2850;CORPORACION UNIVERSITARIA ANTONIO JOSE DE SUCRE - CORPOSUCRE;SUCRE;PRIVADA;85894;4793.0;26946.0;21521.0;15913;3307.0;2571.0;0.0558;0.7987;0.7394;0.0385
2901;ESCUELA DE INTELIGENCIA Y CONTRAINTELIGENCIA BRIGADIER GENERAL RICAR;BogotÃ¡ - D.C.;OFICIAL;383;1035.0;2248.0;2211.0;2091;1318.0;1361.0;2.7023;0.9835;0.9457;3.4413
2901;ESCUELA DE INTELIGENCIA Y CONTRAINTELIGENCIA BRIGADIER GENERAL RICARDO CHARRY S;BogotÃ¡ - D.C.;OFICIAL;426;1035.0;2248.0;2211.0;2091;1318.0;1361.0;2.4296;0.9835;0.9457;3.0939
2901;ESCUELA DE INTELIGENCIA Y CONTRAINTELIGENCIA BRIGADIER GENERAL RICARDO CHARRY SOLANO;BogotÃ¡ - D.C.;OFICIAL;3397;1035.0;2248.0;2211.0;2091;1318.0;1361.0;0.3047;0.9835;0.9457;0.388
2902;ESCUELA DE LOGISTICA;BogotÃ¡ - D.C.;OFICIAL;4942;659.0;2137.0;1731.0;1507;490.0;245.0;0.1333;0.81;0.8706;0.0992
2903;ESCUELA DE COMUNICACIONES;CUNDINAMARCA;OFICIAL;3409;234.0;878.0;878.0;762;566.0;471.0;0.0686;1.0;0.8679;0.166
2904;ESCUELA SUPERIOR DE GUERRA;BogotÃ¡ - D.C.;OFICIAL;2859;4197.0;7299.0;7095.0;6727;2182.0;3705.0;1.468;0.9721;0.9481;0.7632
2904;ESCUELA SUPERIOR DE GUERRA GENERAL RAFAEL REYES PRIETO;BogotÃ¡ - D.C.;OFICIAL;12696;4197.0;7299.0;7095.0;6727;2182.0;3705.0;0.3306;0.9721;0.9481;0.1719
2905;CENTRO DE EDUCACION MILITAR - CEMIL;BogotÃ¡ - D.C.;OFICIAL;13768;4120.0;10984.0;10745.0;10131;1799.0;1546.0;0.2992;0.9782;0.9429;0.1307
2906;ESCUELA DE POSTGRADOS DE LA FAC-EPFAC;BogotÃ¡ - D.C.;OFICIAL;348;328.0;682.0;580.0;423;520.0;1491.0;0.9425;0.8504;0.7293;1.4943
2906;ESCUELA DE POSTGRADOS DE LA FUERZA AEREA COLOMBIANA CAPITAN JOSE EDM;BogotÃ¡ - D.C.;OFICIAL;220;328.0;682.0;580.0;423;520.0;1491.0;1.4909;0.8504;0.7293;2.3636
2906;ESCUELA DE POSTGRADOS DE LA FUERZA AEREA COLOMBIANA CAPITAN JOSE EDMUNDO SANDOV;BogotÃ¡ - D.C.;OFICIAL;113;328.0;682.0;580.0;423;520.0;1491.0;2.9027;0.8504;0.7293;4.6018
2906;ESCUELA DE POSTGRADOS DE LA FUERZA AEREA COLOMBIANA CAPITAN JOSE EDMUNDO SANDOVAL - EPFAC;BogotÃ¡ - D.C.;OFICIAL;848;328.0;682.0;580.0;423;520.0;1491.0;0.3868;0.8504;0.7293;0.6132
3102;INSTITUTO SUPERIOR DE EDUCACION RURAL-ISER-;NORTE DE SANTANDER;OFICIAL;23000;1630.0;8268.0;7136.0;5874;2446.0;883.0;0.0709;0.8631;0.8232;0.1063
3103;COLEGIO MAYOR DE BOLIVAR;BolÃ­var;OFICIAL;22331;5452.0;15674.0;11660.0;13055;3667.0;422.0;0.2441;0.7439;1.1196;0.1642
3103;INSTITUCIÃN UNIVERSITARIA MAYOR DE CARTAGENA;BolÃ­var;OFICIAL;26529;5452.0;15674.0;11660.0;13055;3667.0;422.0;0.2055;0.7439;1.1196;0.1382
3104;COLEGIO MAYOR DEL CAUCA;Cauca;OFICIAL;48643;3876.0;15939.0;10848.0;9618;3779.0;768.0;0.0797;0.6806;0.8866;0.0777
3107;INSTITUCIÃN UNIVERSITARIA PASCUAL BRAVO;ANTIOQUIA;OFICIAL;141605;7567.0;74612.0;37719.0;33558;11307.0;2228.0;0.0534;0.5055;0.8897;0.0798
3114;ESCUELA NAVAL DE SUBOFICIALES ARC BARRANQUILLA;AtlÃ¡ntico;OFICIAL;9176;2599.0;19076.0;5515.0;5323;1895.0;2788.0;0.2832;0.2891;0.9652;0.2065
3115;INSTITUTO TECNOLOGICO DEL PUTUMAYO;Putumayo;OFICIAL;41281;3041.0;9955.0;9082.0;10046;3511.0;787.0;0.0737;0.9123;1.1061;0.0851
3116;INSTITUTO TECNOLOGICO DEL PUTUMAYO;Putumayo;OFICIAL;754;1.0;258.0;195.0;162;101.0;6.0;0.0013;0.7558;0.8308;0.134
3117;INSTITUCIÃN UNIVERSITARIA DE BARRANQUILLA - IUB;AtlÃ¡ntico;OFICIAL;39329;10818.0;34068.0;27530.0;31316;3900.0;906.0;0.2751;0.8081;1.1375;0.0992
3117;INSTITUCIÃN UNIVERSITARIA ITSA;AtlÃ¡ntico;OFICIAL;54665;10818.0;34068.0;27530.0;31316;3900.0;906.0;0.1979;0.8081;1.1375;0.0713
3201;UNIDADES TECNOLOGICAS DE SANTANDER;SANTANDER;OFICIAL;435746;28798.0;127890.0;97215.0;98789;20451.0;1874.0;0.0661;0.7601;1.0162;0.0469
3204;TECNOLOGICO DE ANTIOQUIA;ANTIOQUIA;OFICIAL;245531;13518.0;88790.0;64020.0;47003;17921.0;1838.0;0.0551;0.721;0.7342;0.073
3301;INSTITUCION UNIVERSITARIA ANTONIO JOSE CAMACHO;VALLE DEL CAUCA;OFICIAL;200953;9629.0;48499.0;44341.0;36145;12844.0;3941.0;0.0479;0.9143;0.8152;0.0639
3302;INSTITUTO TECNOLOGICO METROPOLITANO;ANTIOQUIA;OFICIAL;534719;21745.0;203598.0;134597.0;102069;26559.0;4298.0;0.0407;0.6611;0.7583;0.0497
3303;ESCUELA SUPERIOR TECNOLOGICA DE ARTES DEBORA ARANGO;ANTIOQUIA;OFICIAL;8771;1661.0;5209.0;4614.0;4660;2353.0;847.0;0.1894;0.8858;1.01;0.2683
3303;TECNOLÃGICO DE ARTES DÃBORA ARANGO INSTITUCIÃN REDEFINIDA;ANTIOQUIA;OFICIAL;6814;1661.0;5209.0;4614.0;4660;2353.0;847.0;0.2438;0.8858;1.01;0.3453
3702;FUNDACION TECNOLOGICA AUTONOMA DE BOGOTA-FABA-;BogotÃ¡ - D.C.;PRIVADA;8213;604.0;2486.0;2255.0;1535;730.0;690.0;0.0735;0.9071;0.6807;0.0889
3703;FUNDACION ESCUELA COLOMBIANA DE MERCADOTECNIA -ESCOLME-;ANTIOQUIA;PRIVADA;26055;3380.0;12001.0;10395.0;8611;1779.0;1097.0;0.1297;0.8662;0.8284;0.0683
3703;INSTITUCION UNIVERSITARIA ESCOLME;ANTIOQUIA;PRIVADA;9608;3380.0;12001.0;10395.0;8611;1779.0;1097.0;0.3518;0.8662;0.8284;0.1852
3705;FUNDACION UNIVERSITARIA TECNOLOGICO COMFENALCO - CARTAGENA;BolÃ­var;PRIVADA;193777;17504.0;61880.0;54195.0;42403;10660.0;2713.0;0.0903;0.8758;0.7824;0.055
3706;FUNDACION CENTRO COLOMBIANO DE ESTUDIOS PROFESIONALES - -F.C.E.C.E.P.;VALLE DEL CAUCA;PRIVADA;70228;5629.0;16192.0;11926.0;12538;2877.0;1856.0;0.0802;0.7365;1.0513;0.041
3710;FUNDACION TECNOLOGICA ANTONIO DE AREVALO;BolÃ­var;PRIVADA;48069;4515.0;32343.0;28649.0;19483;3865.0;1606.0;0.0939;0.8858;0.6801;0.0804
3710;FUNDACION UNIVERSITARIA ANTONIO DE AREVALO - UNITECNAR;BolÃ­var;PRIVADA;38182;4515.0;32343.0;28649.0;19483;3865.0;1606.0;0.1182;0.8858;0.6801;0.1012
3712;FUNDACION CENTRO DE INVESTIGACION DOCENCIA Y CONSULTORIA ADMINISTRAT;BogotÃ¡ - D.C.;PRIVADA;1531;1283.0;6429.0;6094.0;4823;1668.0;1109.0;0.838;0.9479;0.7914;1.0895
3712;FUNDACION CENTRO DE INVESTIGACION DOCENCIA Y CONSULTORIA ADMINISTRATIVA-F-CIDCA;BogotÃ¡ - D.C.;PRIVADA;4500;1283.0;6429.0;6094.0;4823;1668.0;1109.0;0.2851;0.9479;0.7914;0.3707
3712;FUNDACION CENTRO DE INVESTIGACION DOCENCIA Y CONSULTORIA ADMINISTRATIVA-F-CIDCA-;BogotÃ¡ - D.C.;PRIVADA;17154;1283.0;6429.0;6094.0;4823;1668.0;1109.0;0.0748;0.9479;0.7914;0.0972
3713;FUNDACION UNIVERSITARIA PARA EL DESARROLLO HUMANO - UNINPAHU;BogotÃ¡ - D.C.;PRIVADA;56410;5603.0;19115.0;15747.0;11827;3405.0;1862.0;0.0993;0.8238;0.7511;0.0604
3715;FUNDACION TECNOLOGICA AUTONOMA DEL PACIFICO;VALLE DEL CAUCA;PRIVADA;23444;1340.0;6765.0;6597.0;5651;1511.0;1192.0;0.0572;0.9752;0.8566;0.0645
3716;TECNOLOGICA FITEC;SANTANDER;PRIVADA;20956;778.0;7202.0;7045.0;7292;759.0;670.0;0.0371;0.9782;1.0351;0.0362
3718;FUNDACION DE ESTUDIOS SUPERIORES COMFANORTE -F.E.S.C.-;NORTE DE SANTANDER;PRIVADA;33209;3217.0;8458.0;8351.0;8088;2836.0;1421.0;0.0969;0.9873;0.9685;0.0854
3719;INSTITUCION UNIVERSITARIA LATINA - UNILATINA;BogotÃ¡ - D.C.;PRIVADA;10119;733.0;1826.0;1728.0;2050;955.0;490.0;0.0724;0.9463;1.1863;0.0944
3720;FUNDACION UNIVERSITARIA ESUMER;ANTIOQUIA;PRIVADA;45483;6751.0;15808.0;15260.0;13434;4130.0;4299.0;0.1484;0.9653;0.8803;0.0908
3724;FUNDACION TECNOLOGICA DE MADRID;CUNDINAMARCA;PRIVADA;339;19.0;157.0;153.0;146;74.0;0.0;0.056;0.9745;0.9542;0.2183
3725;FUNDACION DE EDUCACION SUPERIOR ALBERTO MERANI;BogotÃ¡ - D.C.;PRIVADA;1243;394.0;1848.0;1505.0;1556;404.0;355.0;0.317;0.8144;1.0339;0.325
3725;FUNDACION TECNOLOGICA ALBERTO MERANI;BogotÃ¡ - D.C.;PRIVADA;4433;394.0;1848.0;1505.0;1556;404.0;355.0;0.0889;0.8144;1.0339;0.0911
3801;CORPORACION DE ESTUDIOS TECNOLOGICOS DEL NORTE DEL VALLE;VALLE DEL CAUCA;PRIVADA;10234;963.0;2374.0;2176.0;2680;1186.0;543.0;0.0941;0.9166;1.2316;0.1159
3803;CORPORACION UNIVERSITARIA CENTRO SUPERIOR - UNICUCES;VALLE DEL CAUCA;PRIVADA;20967;2255.0;5602.0;5081.0;5081;1398.0;736.0;0.1075;0.907;1.0;0.0667
3805;INSTITUTO DE EDUCACION EMPRESARIAL-IDEE-;VALLE DEL CAUCA;PRIVADA;338;0.0;34.0;32.0;32;60.0;11.0;0.0;0.9412;1.0;0.1775
3806;CORPORACION ESCUELA SUPERIOR DE ADMINISTRACION Y ESTUDIOS TECNOLOGIC;VALLE DEL CAUCA;PRIVADA;719;442.0;2566.0;2462.0;2018;746.0;30.0;0.6147;0.9595;0.8197;1.0376
3806;CORPORACION ESCUELA SUPERIOR DE ADMINISTRACION Y ESTUDIOS TECNOLOGICOS- EAE;VALLE DEL CAUCA;PRIVADA;8388;442.0;2566.0;2462.0;2018;746.0;30.0;0.0527;0.9595;0.8197;0.0889
3807;ESCUELA DE TECNOLOGIAS DE ANTIOQUIA -ETA-;ANTIOQUIA;PRIVADA;2413;361.0;1378.0;1032.0;964;258.0;224.0;0.1496;0.7489;0.9341;0.1069
3808;CORPORACION TECNOLOGICA DE BOGOTA - CTB;BogotÃ¡ - D.C.;PRIVADA;2005;781.0;2230.0;2087.0;1801;764.0;295.0;0.3895;0.9359;0.863;0.381
3808;CORPORACION TECNOLOGICA DE BOGOTA - CTB -;BogotÃ¡ - D.C.;PRIVADA;8062;781.0;2230.0;2087.0;1801;764.0;295.0;0.0969;0.9359;0.863;0.0948
3808;CORPORACION TECNOLOGICA DE BOGOTA - CTB - ;BogotÃ¡ - D.C.;PRIVADA;460;781.0;2230.0;2087.0;1801;764.0;295.0;1.6978;0.9359;0.863;1.6609
3809;INSTITUTO SUPERIOR DE CIENCIAS SOCIALES Y ECONOMICO FAMILIARES-ICSEF;BogotÃ¡ - D.C.;PRIVADA;224;351.0;621.0;444.0;686;630.0;249.0;1.567;0.715;1.545;2.8125
3809;INSTITUTO SUPERIOR DE CIENCIAS SOCIALES Y ECONOMICO FAMILIARES-ICSEF-;BogotÃ¡ - D.C.;PRIVADA;1636;351.0;621.0;444.0;686;630.0;249.0;0.2145;0.715;1.545;0.3851
3809;INSTITUTO SUPERIOR DE CIENCIAS SOCIALES Y ECONOMICO FAMILIARES-ICSEF-;CUNDINAMARCA;PRIVADA;342;351.0;621.0;444.0;686;630.0;249.0;1.0263;0.715;1.545;1.8421
3810;CORPORACION EDUCATIVA -ITAE-;SANTANDER;PRIVADA;2815;61.0;786.0;697.0;610;409.0;434.0;0.0217;0.8868;0.8752;0.1453
3811;CORPORACION DE EDUCACION DEL NORTE DEL TOLIMA - COREDUCACION;TOLIMA;PRIVADA;6017;464.0;1427.0;1372.0;1290;871.0;381.0;0.0771;0.9615;0.9402;0.1448
3812;CORPORACION POLITECNICO MARCO FIDEL SUAREZ;ANTIOQUIA;PRIVADA;2686;1025.0;5017.0;4435.0;3500;1462.0;926.0;0.3816;0.884;0.7892;0.5443
3812;INSTITUCION UNIVERSITARIA MARCO FIDEL SUAREZ - IUMAFIS;ANTIOQUIA;PRIVADA;12678;1025.0;5017.0;4435.0;3500;1462.0;926.0;0.0808;0.884;0.7892;0.1153
3817;CORPORACION UNIVERSITARIA AUTONOMA DE NARIÃO -AUNAR-;NariÃ±o;PRIVADA;88836;6746.0;20275.0;18967.0;18071;4741.0;1531.0;0.0759;0.9355;0.9528;0.0534
3819;CORPORACION TECNOLOGICA INDUSTRIAL COLOMBIANA - TEINCO;BogotÃ¡ - D.C.;PRIVADA;19311;2658.0;8280.0;7014.0;7521;1162.0;279.0;0.1376;0.8471;1.0723;0.0602
3820;CORPORACION ACADEMIA TECNOLOGICA DE COLOMBIA -ATEC-;ANTIOQUIA;PRIVADA;4233;269.0;1096.0;1040.0;970;288.0;108.0;0.0635;0.9489;0.9327;0.068
3821;CORPORACION POLITECNICO DE LA COSTA ATLANTICA;AtlÃ¡ntico;PRIVADA;49747;6283.0;14062.0;13096.0;12237;2519.0;1147.0;0.1263;0.9313;0.9344;0.0506
3822;POLITECNICO ICAFT;BogotÃ¡ - D.C.;PRIVADA;271;120.0;504.0;242.0;200;222.0;199.0;0.4428;0.4802;0.8264;0.8192
3823;UNION AMERICANA DE EDUCACION SUPERIOR- UNION AMERICANA;BogotÃ¡ - D.C.;PRIVADA;74;0.0;0.0;0.0;72;0.0;0.0;0.0;;0.0;0.0
3824;ESCUELA SUPERIOR DE CIENCIAS EMPRESARIALES - ECIEM;BogotÃ¡ - D.C.;PRIVADA;3270;15.0;500.0;500.0;479;401.0;198.0;0.0046;1.0;0.958;0.1226
3826;CORPORACION INTERNACIONAL PARA EL DESARROLLO EDUCATIVO -CIDE-;BogotÃ¡ - D.C.;PRIVADA;19525;946.0;7350.0;6165.0;5293;1518.0;778.0;0.0485;0.8388;0.8586;0.0777
3827;POLITECNICO SANTAFE DE BOGOTA;BogotÃ¡ - D.C.;PRIVADA;1534;39.0;2288.0;1837.0;880;341.0;88.0;0.0254;0.8029;0.479;0.2223
3828;CORPORACIÂ¿N TECNOLÂ¿GICA DE EDUCACIÂ¿N SUPERIOR SAPIENZA -CTE-;BogotÃ¡ - D.C.;PRIVADA;15;23.0;997.0;684.0;308;53.0;0.0;1.5333;0.6861;0.4503;3.5333
3828;CORPORACIÃN TECNOLÃGICA DE EDUCACIÃN SUPERIOR SAPIENZA - CTES;BogotÃ¡ - D.C.;PRIVADA;7;23.0;997.0;684.0;308;53.0;0.0;3.2857;0.6861;0.4503;7.5714
3828;CORPORACIÃN TECNOLÃGICA DE EDUCACIÃN SUPERIOR SAPIENZA -CTE-;BogotÃ¡ - D.C.;PRIVADA;122;23.0;997.0;684.0;308;53.0;0.0;0.1885;0.6861;0.4503;0.4344
3828;TECNOLOGICA DEL SUR;VALLE DEL CAUCA;PRIVADA;698;23.0;997.0;684.0;308;53.0;0.0;0.033;0.6861;0.4503;0.0759
3830;CORPORACION UNIVERSAL DE INVESTIGACION Y TECNOLOGIA -CORUNIVERSITEC-;BogotÃ¡ - D.C.;PRIVADA;7877;1624.0;7182.0;6908.0;4852;307.0;13.0;0.2062;0.9618;0.7024;0.039
3831;CORPORACION UNIVERSITARIA COMFACAUCA - UNICOMFACAUCA;Cauca;PRIVADA;60140;2667.0;14154.0;13486.0;10880;3795.0;5251.0;0.0443;0.9528;0.8068;0.0631
3834;CORPORACION TECNOLOGICA CATOLICA DE OCCIDENTE - TECOC -;ANTIOQUIA;PRIVADA;2028;154.0;497.0;495.0;419;438.0;136.0;0.0759;0.996;0.8465;0.216
3901;ESCUELA DE FORMACION DE INFANTERIA DE MARINA;SUCRE;OFICIAL;6419;1420.0;7540.0;2485.0;2467;1433.0;831.0;0.2212;0.3296;0.9928;0.2232
3902;ESCUELA  MILITAR DE SUBOFICIALES SARGENTO INOCENCIO CHINCA;CUNDINAMARCA;OFICIAL;107357;16964.0;43761.0;26196.0;24769;2904.0;2548.0;0.158;0.5986;0.9455;0.027
4101;INSTITUTO DE EDUCACION TECNICA PROFESIONAL DE ROLDANILLO;VALLE DEL CAUCA;OFICIAL;58099;8472.0;24304.0;24206.0;22359;5114.0;2075.0;0.1458;0.996;0.9237;0.088
4102;INSTITUTO NACIONAL DE FORMACION TECNICA PROFESIONAL DE SAN JUAN DEL;La Guajira;OFICIAL;882;725.0;5127.0;5039.0;4436;1534.0;731.0;0.822;0.9828;0.8803;1.7392
4102;INSTITUTO NACIONAL DE FORMACION TECNICA PROFESIONAL DE SAN JUAN DEL CESAR;GUAJIRA;OFICIAL;1472;725.0;5127.0;5039.0;4436;1534.0;731.0;0.4925;0.9828;0.8803;1.0421
4102;INSTITUTO NACIONAL DE FORMACION TECNICA PROFESIONAL DE SAN JUAN DEL CESAR;La Guajira;OFICIAL;10692;725.0;5127.0;5039.0;4436;1534.0;731.0;0.0678;0.9828;0.8803;0.1435
4106;INSTITUTO NACIONAL DE FORMACION TECNICA PROFESIONAL DE SAN ANDRES;ARCHIPIÃLAGO DE SA;OFICIAL;226;381.0;2037.0;2019.0;1707;549.0;175.0;1.6858;0.9912;0.8455;2.4292
4106;INSTITUTO NACIONAL DE FORMACION TECNICA PROFESIONAL DE SAN ANDRES;ArchipiÃ©lago de San AndrÃ©s - Providencia y Santa Catalina;OFICIAL;2730;381.0;2037.0;2019.0;1707;549.0;175.0;0.1396;0.9912;0.8455;0.2011
4106;INSTITUTO NACIONAL DE FORMACION TECNICA PROFESIONAL DE SAN ANDRES;SAN ANDRES Y PROVI;OFICIAL;38;381.0;2037.0;2019.0;1707;549.0;175.0;10.0263;0.9912;0.8455;14.4474
4106;INSTITUTO NACIONAL DE FORMACION TECNICA PROFESIONAL DE SAN ANDRES;SAN ANDRES Y PROVIDENCIA;OFICIAL;1199;381.0;2037.0;2019.0;1707;549.0;175.0;0.3178;0.9912;0.8455;0.4579
4106;INSTITUTO NACIONAL DE FORMACION TECNICA PROFESIONAL DE SAN ANDRES Y PROVIDENCIA - INFOTEP;ArchipiÃ©lago de San AndrÃ©s - Providencia y Santa Catalina;OFICIAL;1111;381.0;2037.0;2019.0;1707;549.0;175.0;0.3429;0.9912;0.8455;0.4941
4107;INSTITUTO TECNICO AGRICOLA ITA;VALLE DEL CAUCA;OFICIAL;11313;1573.0;8684.0;7524.0;6669;741.0;418.0;0.139;0.8664;0.8864;0.0655
4107;UNIDAD TÃCNICA PARA EL DESARROLLO PROFESIONAL - UTEDÃ;VALLE DEL CAUCA;OFICIAL;3271;1573.0;8684.0;7524.0;6669;741.0;418.0;0.4809;0.8664;0.8864;0.2265
4108;ESCUELA TECNOLOGICA INSTITUTO TECNICO CENTRAL;BogotÃ¡ - D.C.;OFICIAL;60467;5933.0;22134.0;12192.0;14238;5011.0;1765.0;0.0981;0.5508;1.1678;0.0829
4109;INSTITUTO TECNICO NACIONAL DE COMERCIO SIMON RODRIGUEZ - INTENALCO;VALLE DEL CAUCA;OFICIAL;29660;2514.0;12498.0;11349.0;10099;1590.0;200.0;0.0848;0.9081;0.8899;0.0536
4110;INSTITUTO TOLIMENSE DE FORMACION TECNICA PROFESIONAL;TOLIMA;OFICIAL;82138;11901.0;29119.0;25125.0;24615;5031.0;798.0;0.1449;0.8628;0.9797;0.0613
4111;INSTITUTO NACIONAL DE FORMACION TECNICA PROFESIONAL - HUMBERTO VELAS;Magdalena;OFICIAL;1425;2933.0;12622.0;11220.0;10853;2826.0;396.0;2.0582;0.8889;0.9673;1.9832
4111;INSTITUTO NACIONAL DE FORMACION TECNICA PROFESIONAL - HUMBERTO VELASQUEZ GARCIA;Magdalena;OFICIAL;30111;2933.0;12622.0;11220.0;10853;2826.0;396.0;0.0974;0.8889;0.9673;0.0939
4112;COLEGIO INTEGRADO NACIONAL ORIENTE DE CALDAS - IES CINOC;Caldas;OFICIAL;9597;1686.0;3961.0;3905.0;3581;1468.0;286.0;0.1757;0.9859;0.917;0.153
4701;FUNDACION ACADEMIA DE DIBUJO PROFESIONAL;VALLE DEL CAUCA;PRIVADA;43100;2499.0;9038.0;8828.0;8514;1689.0;1201.0;0.058;0.9768;0.9644;0.0392
4702;FUNDACION DE EDUCACION SUPERIOR SAN JOSE -FESSANJOSE-;BogotÃ¡ - D.C.;PRIVADA;70681;12770.0;68793.0;61433.0;52098;1952.0;7710.0;0.1807;0.893;0.848;0.0276
4705;FUNDACION CENTRO DE EDUCACION SUPERIOR -INVESTIGACION Y PROFESIONALIZACION -CEDINPRO-;BogotÃ¡ - D.C.;PRIVADA;797;1.0;119.0;119.0;74;78.0;33.0;0.0013;1.0;0.6218;0.0979
4708;FUNDACION ESCUELA COLOMBIANA DE HOTELERIA Y TURISMO-ECOTET-;BogotÃ¡ - D.C.;PRIVADA;903;1.0;216.0;215.0;202;96.0;24.0;0.0011;0.9954;0.9395;0.1063
4709;ESCUELA DE ADMINISTRACION Y MERCADOTECNIA DEL QUINDIO E.A.M.;QUINDIO;PRIVADA;7273;4052.0;5523.0;5327.0;8371;1744.0;2597.0;0.5571;0.9645;1.5714;0.2398
4709;INSTITUCION UNIVERSITARIA EAM;QUINDIO;PRIVADA;23386;4052.0;5523.0;5327.0;8371;1744.0;2597.0;0.1733;0.9645;1.5714;0.0746
4710;FUNDACIÃN POLITÃCNICO MINUTO DE DIOS - TEC MD;BogotÃ¡ - D.C.;PRIVADA;8665;417.0;3190.0;3078.0;3051;162.0;454.0;0.0481;0.9649;0.9912;0.0187
4710;POLITECNICO INDOAMERICANO;BogotÃ¡ - D.C.;PRIVADA;187;417.0;3190.0;3078.0;3051;162.0;454.0;2.2299;0.9649;0.9912;0.8663
4714;FUNDACION INTERAMERICANA TECNICA-FIT-;BogotÃ¡ - D.C.;PRIVADA;2470;152.0;1626.0;1034.0;947;195.0;242.0;0.0615;0.6359;0.9159;0.0789
4719;FUNDACION DE EDUCACION SUPERIOR NUEVA AMERICA;BogotÃ¡ - D.C.;PRIVADA;6896;557.0;4883.0;3900.0;3402;698.0;391.0;0.0808;0.7987;0.8723;0.1012
4721;FUNDACION UNIVERSITARIA HORIZONTE;BogotÃ¡ - D.C.;PRIVADA;18285;2304.0;7896.0;7064.0;5594;1218.0;736.0;0.126;0.8946;0.7919;0.0666
4726;FUNDACION PARA LA EDUCACION SUPERIOR SAN MATEO;BogotÃ¡ - D.C.;PRIVADA;22136;11372.0;39595.0;37019.0;32547;4759.0;1021.0;0.5137;0.9349;0.8792;0.215
4726;FUNDACION UNIVERSITARIA SAN MATEO - SAN MATEO EDUCACION SUPERIOR;BogotÃ¡ - D.C.;PRIVADA;77699;11372.0;39595.0;37019.0;32547;4759.0;1021.0;0.1464;0.9349;0.8792;0.0612
4727;POLITECNICO INTERNACIONAL INSTITUCION DE EDUCACION SUPERIOR;BogotÃ¡ - D.C.;PRIVADA;138648;7270.0;71429.0;59858.0;47037;5869.0;5703.0;0.0524;0.838;0.7858;0.0423
4801;CORPORACION ACADEMIA SUPERIOR DE ARTES;ANTIOQUIA;PRIVADA;5664;268.0;2359.0;1693.0;1322;598.0;504.0;0.0473;0.7177;0.7809;0.1056
4803;CORPORACION POLITECNICO COLOMBO ANDINO;BogotÃ¡ - D.C.;PRIVADA;1646;27.0;654.0;524.0;320;157.0;178.0;0.0164;0.8012;0.6107;0.0954
4805;CORPORACION TECNICA DE COLOMBIA -CORPOTEC-;BogotÃ¡ - D.C.;PRIVADA;105;0.0;38.0;38.0;38;32.0;0.0;0.0;1.0;1.0;0.3048
4806;CORPORACION CENTRO DE ESTUDIOS ARTISTICOS Y TECNICOS-CEART-;BogotÃ¡ - D.C.;PRIVADA;1434;74.0;337.0;308.0;304;221.0;22.0;0.0516;0.9139;0.987;0.1541
4808;CORPORACION REGIONAL DE EDUCACION SUPERIOR-CRES-DE CALI;VALLE DEL CAUCA;PRIVADA;2189;219.0;2343.0;2071.0;1351;253.0;260.0;0.1;0.8839;0.6523;0.1156
4810;CORPORACION UNIVERSITARIA CENDA;BogotÃ¡ - D.C.;PRIVADA;25868;1880.0;7015.0;6438.0;5295;1947.0;708.0;0.0727;0.9177;0.8225;0.0753
4811;CORPORACION DE ESTUDIOS SUPERIORES SALAMANDRA;VALLE DEL CAUCA;PRIVADA;2130;508.0;1040.0;992.0;930;241.0;320.0;0.2385;0.9538;0.9375;0.1131
4811;CORPORACIÃN UNIFICADA HISPANOAMERICANA DE EDUCACIÃN SUPERIOR;VALLE DEL CAUCA;PRIVADA;394;508.0;1040.0;992.0;930;241.0;320.0;1.2893;0.9538;0.9375;0.6117
4812;CORPORACION CENTRO DE NUESTRA SEÃORA DE LAS MERCEDES;BogotÃ¡ - D.C.;PRIVADA;1338;46.0;2468.0;2183.0;1720;217.0;30.0;0.0344;0.8845;0.7879;0.1622
4812;CORPORACION DE EDUCACION SUPERIOR SURAMERICA;BogotÃ¡ - D.C.;PRIVADA;1113;46.0;2468.0;2183.0;1720;217.0;30.0;0.0413;0.8845;0.7879;0.195
4813;CORPORACION UNIFICADA NACIONAL DE EDUCACION SUPERIOR-CUN-;BogotÃ¡ - D.C.;PRIVADA;776822;71967.0;298336.0;261437.0;279371;23349.0;12714.0;0.0926;0.8763;1.0686;0.0301
4817;CORPORACION DE EDUCACIÃN SUPERIOR DEL LITORAL;AtlÃ¡ntico;PRIVADA;6471;3064.0;10129.0;9839.0;8079;1083.0;516.0;0.4735;0.9714;0.8211;0.1674
4817;CORPORACION EDUCATIVA DEL LITORAL;AtlÃ¡ntico;PRIVADA;17830;3064.0;10129.0;9839.0;8079;1083.0;516.0;0.1718;0.9714;0.8211;0.0607
4818;CORPORACION UNIVERSITARIA LATINOAMERICANA - CUL;AtlÃ¡ntico;PRIVADA;99681;4650.0;20496.0;18702.0;21715;3463.0;239.0;0.0466;0.9125;1.1611;0.0347
4822;CORPORACION ESCUELA DE ARTES Y LETRAS;BogotÃ¡ - D.C.;PRIVADA;43358;2514.0;9915.0;8181.0;6774;3125.0;2240.0;0.058;0.8251;0.828;0.0721
4825;CORPORACION INSTITUTO DE ADMINISTRACION Y FINANZAS - CIAF;RISARALDA;PRIVADA;16440;2456.0;4939.0;4866.0;6288;967.0;147.0;0.1494;0.9852;1.2922;0.0588
4826;CORPORACION UNIVERSITARIA REGIONAL DEL CARIBE -IAFIC-;BolÃ­var;PRIVADA;4627;399.0;2383.0;2111.0;2295;162.0;47.0;0.0862;0.8859;1.0872;0.035
4827;CORPORACION EDUCATIVA INSTITUTO TECNICO SUPERIOR DE ARTES - IDEARTES;ANTIOQUIA;PRIVADA;163;0.0;28.0;28.0;14;34.0;0.0;0.0;1.0;0.5;0.2086
4829;CORPORACION INTERAMERICANA DE EDUCACION SUPERIOR-CORPOCIDES;SANTANDER;PRIVADA;6636;364.0;2610.0;2441.0;2424;375.0;223.0;0.0549;0.9352;0.993;0.0565
4832;CORPORACION INSTITUTO SUPERIOR DE EDUCACION SOCIAL-ISES-;BogotÃ¡ - D.C.;PRIVADA;10050;987.0;5167.0;4651.0;4081;113.0;52.0;0.0982;0.9001;0.8774;0.0112
4835;CORPORACION UNIVERSITARIA TALLER 5 CENTRO DE DISEÂ¿O;BogotÃ¡ - D.C.;PRIVADA;1189;534.0;3179.0;2956.0;2422;1281.0;925.0;0.4491;0.9299;0.8194;1.0774
4835;CORPORACION UNIVERSITARIA TALLER CINCO;BogotÃ¡ - D.C.;PRIVADA;1795;534.0;3179.0;2956.0;2422;1281.0;925.0;0.2975;0.9299;0.8194;0.7136
4835;CORPORACION UNIVERSITARIA TALLER CINCO CENTRO DE DISEÂ¿O;BogotÃ¡ - D.C.;PRIVADA;1699;534.0;3179.0;2956.0;2422;1281.0;925.0;0.3143;0.9299;0.8194;0.754
4835;CORPORACION UNIVERSITARIA TALLER CINCO CENTRO DE DISEÃO;BogotÃ¡ - D.C.;PRIVADA;6258;534.0;3179.0;2956.0;2422;1281.0;925.0;0.0853;0.9299;0.8194;0.2047
4837;CORPORACION UNIVERSITARIA DE CIENCIAS EMPRESARIALES - EDUCACION Y SAL;AtlÃ¡ntico;PRIVADA;1144;1380.0;7002.0;3953.0;3326;1482.0;1062.0;1.2063;0.5646;0.8414;1.2955
4837;CORPORACION UNIVERSITARIA DE CIENCIAS EMPRESARIALES - EDUCACION Y SALUD -CORSALU;AtlÃ¡ntico;PRIVADA;1317;1380.0;7002.0;3953.0;3326;1482.0;1062.0;1.0478;0.5646;0.8414;1.1253
4837;CORPORACION UNIVERSITARIA DE CIENCIAS EMPRESARIALES - EDUCACION Y SALUD -CORSALUD-;AtlÃ¡ntico;PRIVADA;6287;1380.0;7002.0;3953.0;3326;1482.0;1062.0;0.2195;0.5646;0.8414;0.2357
4837;CORPORACION UNIVERSITARIA DE CIENCIAS EMPRESARIALES - EDUCACION Y SALUD -UNICORSALUD-;AtlÃ¡ntico;PRIVADA;6809;1380.0;7002.0;3953.0;3326;1482.0;1062.0;0.2027;0.5646;0.8414;0.2177
5801;CORPORACION ESCUELA TECNOLOGICA DEL ORIENTE;SANTANDER;PRIVADA;12150;1208.0;4605.0;4370.0;4027;921.0;273.0;0.0994;0.949;0.9215;0.0758
5802;UNIVERSIDAD ECCI;BogotÃ¡ - D.C.;PRIVADA;386042;32710.0;91994.0;78670.0;89695;16934.0;4463.0;0.0847;0.8552;1.1401;0.0439
9102;ESCUELA DE SUBOFICIALES DE LA FUERZA AEREA COLOMBIANA ANDRES M. DIAZ;CUNDINAMARCA;OFICIAL;12318;1850.0;16380.0;2790.0;2758;1626.0;3747.0;0.1502;0.1703;0.9885;0.132
9103;ESCUELA MILITAR DE AVIACION MARCO FIDEL SUAREZ;VALLE DEL CAUCA;OFICIAL;13002;826.0;16479.0;2174.0;1867;1849.0;1531.0;0.0635;0.1319;0.8588;0.1422
9104;ESCUELA MILITAR DE CADETES GENERAL JOSE MARIA CORDOVA;BogotÃ¡ - D.C.;OFICIAL;69981;4929.0;42370.0;10652.0;11054;5235.0;2711.0;0.0704;0.2514;1.0377;0.0748
9105;ESCUELA NAVAL DE CADETES ALMIRANTE PADILLA;BolÃ­var;OFICIAL;23360;2102.0;18814.0;3708.0;4514;2897.0;6683.0;0.09;0.1971;1.2174;0.124
9107;ESCUELA DE INGENIEROS MILITARES;BogotÃ¡ - D.C.;OFICIAL;15600;1372.0;5795.0;4382.0;3578;1897.0;1798.0;0.0879;0.7562;0.8165;0.1216
9108;INSTITUTO CARO Y CUERVO;BogotÃ¡ - D.C.;OFICIAL;1725;291.0;1141.0;598.0;469;490.0;196.0;0.1687;0.5241;0.7843;0.2841
9110;SERVICIO NACIONAL DE APRENDIZAJE-SENA-;BogotÃ¡ - D.C.;OFICIAL;8695615;584241.0;5925240.0;2591263.0;1924399;217096.0;5963.0;0.0672;0.4373;0.7426;0.025
9116;FUNDACION UNIVERSITARIA CLARETIANA - UNICLARETIANA;ChocÃ³;PRIVADA;60744;6021.0;23950.0;16894.0;14185;4818.0;2135.0;0.0991;0.7054;0.8396;0.0793
9117;ESCUELA INTERNACIONAL DE ESTUDIOS SUPERIORES - INTER;BogotÃ¡ - D.C.;PRIVADA;255;45.0;223.0;213.0;182;276.0;236.0;0.1765;0.9552;0.8545;1.0824
9117;FUNDACION POLITECNICA - CORPO;BogotÃ¡ - D.C.;PRIVADA;326;45.0;223.0;213.0;182;276.0;236.0;0.138;0.9552;0.8545;0.8466
9119;CORPORACION UNIVERSITARIA AMERICANA;AtlÃ¡ntico;PRIVADA;256201;22201.0;68600.0;64326.0;57279;7612.0;5903.0;0.0867;0.9377;0.8904;0.0297
9120;FUNDACION UNIVERSITARIA BELLAS ARTES;ANTIOQUIA;PRIVADA;12983;523.0;3732.0;3153.0;2115;1740.0;729.0;0.0403;0.8449;0.6708;0.134
9121;FUNDACION UNIVERSITARIA COLOMBO INTERNACIONAL - UNICOLOMBO;BolÃ­var;PRIVADA;48867;2441.0;13842.0;12791.0;9288;2511.0;887.0;0.05;0.9241;0.7261;0.0514
9122;UNIVERSIDAD MANUELA BELTRAN-UMB-;SANTANDER;PRIVADA;16782;1297.0;4612.0;3965.0;3564;2383.0;1883.0;0.0773;0.8597;0.8989;0.142
9124;FUNDACION TECNOLOGICA RURAL COREDI - FUNTEC;ANTIOQUIA;PRIVADA;717;248.0;1865.0;820.0;554;211.0;332.0;0.3459;0.4397;0.6756;0.2943
9124;TECNOLOGICO COREDI;ANTIOQUIA;PRIVADA;1057;248.0;1865.0;820.0;554;211.0;332.0;0.2346;0.4397;0.6756;0.1996
9125;UNIVERSIDAD DE ANTIOQUIA;ANTIOQUIA;OFICIAL;1653;22.0;928.0;198.0;140;1458.0;50.0;0.0133;0.2134;0.7071;0.882
9126;CORPORACION TECNOLOGICA INDOAMERICA;AtlÃ¡ntico;PRIVADA;7003;514.0;2823.0;2190.0;2184;385.0;187.0;0.0734;0.7758;0.9973;0.055
9127;CORPORACION UNIVERSITARIA DE SABANETA - UNISABANETA;ANTIOQUIA;PRIVADA;25211;1337.0;5389.0;4554.0;4436;2086.0;875.0;0.053;0.8451;0.9741;0.0827
9128;LCI - FUNDACION TECNOLOGICA;BogotÃ¡ - D.C.;PRIVADA;17101;1494.0;4664.0;4645.0;4433;3461.0;800.0;0.0874;0.9959;0.9544;0.2024
9129;FUNDACION UNIVERSITARIA CAFAM;BogotÃ¡ - D.C.;PRIVADA;4495;2132.0;17150.0;13205.0;6499;2578.0;1815.0;0.4743;0.77;0.4922;0.5735
9129;FUNDACION UNIVERSITARIA CAFAM -UNICAFAM;BogotÃ¡ - D.C.;PRIVADA;26981;2132.0;17150.0;13205.0;6499;2578.0;1815.0;0.079;0.77;0.4922;0.0955
9131;FUNDACION UNIVERSITARIA CERVANTINA SAN AGUSTIN - UNICERVANTINA SAN AGUSTIN;BogotÃ¡ - D.C.;PRIVADA;2476;559.0;7574.0;7384.0;4151;1810.0;927.0;0.2258;0.9749;0.5622;0.731
9131;FUNDACIÂ¿N UNIVERSITARIA CERVANTES SAN AGUSTÂ¿N - UNICERVANTES;BogotÃ¡ - D.C.;PRIVADA;1474;559.0;7574.0;7384.0;4151;1810.0;927.0;0.3792;0.9749;0.5622;1.228
9131;FUNDACIÃN UNIVERSITARIA CERVANTES SAN AGUSTÃN - UNICERVANTES;BogotÃ¡ - D.C.;PRIVADA;11681;559.0;7574.0;7384.0;4151;1810.0;927.0;0.0479;0.9749;0.5622;0.155
9132;FUNDACION UNIVERSITARIA CIEO - UNICIEO;BogotÃ¡ - D.C.;PRIVADA;4037;327.0;1102.0;911.0;692;1729.0;308.0;0.081;0.8267;0.7596;0.4283
9899;INSTITUCION UNIVERSITARIA DE COLOMBIA - UNIVERSITARIA DE COLOMBIA;BogotÃ¡ - D.C.;PRIVADA;24284;2675.0;18746.0;13438.0;11764;2103.0;954.0;0.1102;0.7168;0.8754;0.0866
9900;CORPORACION UNIVERSITARIA U DE COLOMBIA;ANTIOQUIA;PRIVADA;15257;1346.0;3426.0;3426.0;3426;1922.0;587.0;0.0882;1.0;1.0;0.126
9902;FUNDACION UNIVERSITARIA COMFENALCO SANTANDER;SANTANDER;PRIVADA;1078;31.0;1526.0;1278.0;795;570.0;83.0;0.0288;0.8375;0.6221;0.5288
9903;CORPORACION DE EDUCACION TECNOLOGICA COLSUBSIDIO EADS;BogotÃ¡ - D.C.;PRIVADA;1182;284.0;3470.0;3434.0;2702;2392.0;714.0;0.2403;0.9896;0.7868;2.0237
9903;CORPORACION DE EDUCACION TECNOLOGICA COLSUBSIDIO- AIRBUS GROUP;BogotÃ¡ - D.C.;PRIVADA;1601;284.0;3470.0;3434.0;2702;2392.0;714.0;0.1774;0.9896;0.7868;1.4941
9903;CORPORACIÃN COLSUBSIDIO EDUCACIÃN TECNOLÃGICA - CET;BogotÃ¡ - D.C.;PRIVADA;3393;284.0;3470.0;3434.0;2702;2392.0;714.0;0.0837;0.9896;0.7868;0.705
9904;FUNDACION TECNOLOGICA COLOMBO GERMANA;BogotÃ¡ - D.C.;PRIVADA;4181;2466.0;11170.0;11232.0;10275;1310.0;765.0;0.5898;1.0056;0.9148;0.3133
9904;FUNDACION UNIVERSITARIA COLOMBO GERMANA;BogotÃ¡ - D.C.;PRIVADA;21667;2466.0;11170.0;11232.0;10275;1310.0;765.0;0.1138;1.0056;0.9148;0.0605
9905;FUNDACION ESCUELA TECNOLOGICA DE NEIVA - JESUS OVIEDO PEREZ -FET;Huila;PRIVADA;14203;1916.0;4383.0;3768.0;4952;1129.0;525.0;0.1349;0.8597;1.3142;0.0795
9906;CORPORACION UNIVERSITARIA PARA EL DESARROLLO EMPRESARIAL Y SOCIAL- C;VALLE DEL CAUCA;PRIVADA;324;215.0;1008.0;820.0;589;586.0;444.0;0.6636;0.8135;0.7183;1.8086
9906;CORPORACION UNIVERSITARIA PARA EL DESARROLLO EMPRESARIAL Y SOCIAL- CUDES;VALLE DEL CAUCA;PRIVADA;2539;215.0;1008.0;820.0;589;586.0;444.0;0.0847;0.8135;0.7183;0.2308
9906;CORPORACIÃN UNIVERSITARIA PARA EL DESARROLLO EMPRESARIAL Y SOCIAL - MISIÃN PAZ.;VALLE DEL CAUCA;PRIVADA;383;215.0;1008.0;820.0;589;586.0;444.0;0.5614;0.8135;0.7183;1.53
9907;FUNDACION UNIVERSITARIA NAVARRA - UNINAVARRA;Huila;PRIVADA;31451;1677.0;9418.0;7021.0;4638;2937.0;1824.0;0.0533;0.7455;0.6606;0.0934
9910;FUNDACION UNIVERSITARIA LUIS G. PAEZ;BogotÃ¡ - D.C.;PRIVADA;209;176.0;411.0;409.0;343;386.0;83.0;0.8421;0.9951;0.8386;1.8469
9910;FUNDACION UNIVERSITARIA LUIS G. PAEZ - UNILUISGPAEZ;BogotÃ¡ - D.C.;PRIVADA;465;176.0;411.0;409.0;343;386.0;83.0;0.3785;0.9951;0.8386;0.8301
9910;FUNDACION UNIVERSITARIA LUIS G. PAEZ - UNIPAEZ;BogotÃ¡ - D.C.;PRIVADA;297;176.0;411.0;409.0;343;386.0;83.0;0.5926;0.9951;0.8386;1.2997
9913;CORPORACION UNIVERSITARIA DE ASTURIAS;BogotÃ¡ - D.C.;PRIVADA;116929;7051.0;45227.0;43522.0;41404;946.0;2282.0;0.0603;0.9623;0.9513;0.0081
9914;ELITE- ESCUELA LATINOAMERICANA DE INGENIEROS - TECNOLOGOS Y EMPRESARI;BogotÃ¡ - D.C.;PRIVADA;509;648.0;5654.0;4274.0;3517;767.0;418.0;1.2731;0.7559;0.8229;1.5069
9914;ELITE- ESCUELA LATINOAMERICANA DE INGENIEROS - TECNOLOGOS Y EMPRESARIOS;BogotÃ¡ - D.C.;PRIVADA;1596;648.0;5654.0;4274.0;3517;767.0;418.0;0.406;0.7559;0.8229;0.4806
9914;ESEIT - ESCUELA SUPERIOR DE EMPRESA - INGENIERÃA Y TECNOLOGÃA;BogotÃ¡ - D.C.;PRIVADA;6162;648.0;5654.0;4274.0;3517;767.0;418.0;0.1052;0.7559;0.8229;0.1245
9914;ESEIT Â¿ ESCUELA SUPERIOR DE EMPRESA - INGENIERÂ¿A Y TECNOLOGÂ¿A;BogotÃ¡ - D.C.;PRIVADA;446;648.0;5654.0;4274.0;3517;767.0;418.0;1.4529;0.7559;0.8229;1.7197
9915;UNIVERSITARIA VIRTUAL INTERNACIONAL;BogotÃ¡ - D.C.;PRIVADA;14773;1053.0;9753.0;7741.0;6822;697.0;276.0;0.0713;0.7937;0.8813;0.0472
9918;INSTITUCION UNIVERSITARIA CONOCIMIENTO E INNOVACION PARA LA JUSTICIA - CIJ;CUNDINAMARCA;OFICIAL;36;0.0;95.0;49.0;36;24.0;65.0;0.0;0.5158;0.7347;0.6667
9921;FUNDACION UNIVERSITARIA CATOLICA DEL SUR - UNICATOLICA DEL SUR;NariÃ±o;PRIVADA;2430;110.0;1209.0;685.0;492;351.0;238.0;0.0453;0.5666;0.7182;0.1444
9922;FUNDACION UNIVERSITARIA COMFAMILIAR RISARALDA;RISARALDA;PRIVADA;16368;1462.0;8585.0;6525.0;5926;1262.0;527.0;0.0893;0.76;0.9082;0.0771
9923;CORPORACION UNIVERSITARIA DE CATALUÃA;BogotÃ¡ - D.C.;PRIVADA;1757;31.0;867.0;749.0;664;83.0;444.0;0.0176;0.8639;0.8865;0.0472
9923;CORPORACION UNIVERSITARIA DE CATALUÃA ;BogotÃ¡ - D.C.;PRIVADA;9;31.0;867.0;749.0;664;83.0;444.0;3.4444;0.8639;0.8865;9.2222
9924;FUNDACION UNIVERSITARIA INTERNACIONAL DE COLOMBIA - UNINCOL;BogotÃ¡ - D.C.;PRIVADA;762;0.0;401.0;401.0;374;191.0;87.0;0.0;1.0;0.9327;0.2507
9926;FUNDACION UNIVERSITARIA INTERNACIONAL DE LA RIOJA - UNIR;BogotÃ¡ - D.C.;PRIVADA;48468;4395.0;22470.0;22062.0;20767;997.0;4129.0;0.0907;0.9818;0.9413;0.0206
9927;INSTITUCION UNIVERSITARIA DIGITAL DE ANTIOQUIA -IU. DIGITAL;ANTIOQUIA;OFICIAL;58533;1458.0;54270.0;39006.0;21084;2859.0;507.0;0.0249;0.7187;0.5405;0.0488
9928;FUNDACIÃN UNIVERSITARIA SALESIANA;BogotÃ¡ - D.C.;PRIVADA;1741;0.0;895.0;694.0;488;234.0;366.0;0.0;0.7754;0.7032;0.1344
9928;FundaciÃ³n Universitaria Salesiana;BogotÃ¡ - D.C.;PRIVADA;42;0.0;895.0;694.0;488;234.0;366.0;0.0;0.7754;0.7032;5.5714
9929;UNIVERSIDAD AUTÃNOMA INDÃGENA INTERCULTURAL - UAIIN;Cauca;OFICIAL;6159;203.0;2213.0;2137.0;2272;0.0;0.0;0.033;0.9657;1.0632;0.0
9929;Universidad AutÂ¿noma IndÂ¿gena Intercultural - UAIIN;Cauca;OFICIAL;1060;203.0;2213.0;2137.0;2272;0.0;0.0;0.1915;0.9657;1.0632;0.0
9929;Universidad AutÃ³noma IndÃ­gena Intercultural - UAIIN;Cauca;OFICIAL;901;203.0;2213.0;2137.0;2272;0.0;0.0;0.2253;0.9657;1.0632;0.0
9930;INSTITUCIÃN UNIVERSITARIA COMANDO DE EDUCACIÃN Y DOCTRINA - CEDOC DEL EJÃRCITO NACIONAL;BogotÃ¡ - D.C.;OFICIAL;1562;342.0;534.0;535.0;545;365.0;478.0;0.219;1.0019;1.0187;0.2337
9931;FUNDACION UNIVERSITARIA PATRICIO SYMES;BogotÃ¡ - D.C.;PRIVADA;49;10.0;347.0;321.0;159;46.0;0.0;0.2041;0.9251;0.4953;0.9388
9931;FUNDACIÃN UNIVERSITARIA PATRICIO SYMES;BogotÃ¡ - D.C.;PRIVADA;149;10.0;347.0;321.0;159;46.0;0.0;0.0671;0.9251;0.4953;0.3087
9932;FUNDACIÃN UNIVERSITARIA SAN PABLO - UNISANPABLO;BogotÃ¡ - D.C.;PRIVADA;229;1.0;97.0;92.0;86;133.0;178.0;0.0044;0.9485;0.9348;0.5808
9933;UNIVERSIDAD NACIONAL DE COLOMBIA;Cesar;OFICIAL;9976;13.0;5629.0;2265.0;1773;488.0;306.0;0.0013;0.4024;0.7828;0.0489
9934;CENTRO DE ESTUDIOS AERONÃUTICOS - CEA;BogotÃ¡ - D.C.;OFICIAL;335;54.0;204.0;128.0;115;135.0;278.0;0.1612;0.6275;0.8984;0.403
9935;UNIDAD TECNOLÃGICA DEL MAGDALENA MEDIO - UTEM -;SANTANDER;PRIVADA;566;51.0;272.0;238.0;219;54.0;85.0;0.0901;0.875;0.9202;0.0954
9936;CORPORACIÃN UNIVERSITARIA AUTÃNOMA DEL NORTE;NORTE DE SANTANDER;PRIVADA;1232;20.0;755.0;397.0;383;329.0;324.0;0.0162;0.5258;0.9647;0.267
9938;UNIVERSITARIA DEL CHICAMOCHA;SANTANDER;PRIVADA;52;0.0;54.0;52.0;52;10.0;78.0;0.0;0.963;1.0;0.1923
